1,AMERICA,PERU,PERU     7
2,AFRICA,ETHIOPIA,ETHIOPIA 2
3,AMERICA,ARGENTINA,ARGENTINA8
4,AFRICA,MOROCCO,MOROCCO  5
5,MIDDLE EAST,IRAQ,IRAQ     1
6,AFRICA,KENYA,KENYA    4
7,EUROPE,UNITED KINGDOM,UNITED KI0
8,AMERICA,PERU,PERU     3
9,MIDDLE EAST,IRAN,IRAN     8
10,AMERICA,UNITED STATES,UNITED ST3
11,ASIA,CHINA,CHINA    8
12,ASIA,INDIA,INDIA    6
13,AMERICA,CANADA,CANADA   7
14,AFRICA,MOROCCO,MOROCCO  6
15,ASIA,INDIA,INDIA    2
16,EUROPE,RUSSIA,RUSSIA   5
17,EUROPE,ROMANIA,ROMANIA  2
18,AFRICA,MOZAMBIQUE,MOZAMBIQU7
19,AMERICA,UNITED STATES,UNITED ST8
20,AMERICA,CANADA,CANADA   4
21,AMERICA,BRAZIL,BRAZIL   4
22,MIDDLE EAST,EGYPT,EGYPT    3
23,ASIA,INDONESIA,INDONESIA6
24,AFRICA,ALGERIA,ALGERIA  4
25,EUROPE,RUSSIA,RUSSIA   6
26,ASIA,VIETNAM,VIETNAM  0
27,ASIA,CHINA,CHINA    5
28,AFRICA,ALGERIA,ALGERIA  7
29,AMERICA,ARGENTINA,ARGENTINA3
30,AFRICA,MOZAMBIQUE,MOZAMBIQU2
31,AFRICA,MOZAMBIQUE,MOZAMBIQU2
32,EUROPE,UNITED KINGDOM,UNITED KI2
33,EUROPE,GERMANY,GERMANY  3
34,MIDDLE EAST,IRAN,IRAN     6
35,ASIA,VIETNAM,VIETNAM  7
36,MIDDLE EAST,JORDAN,JORDAN   7
37,AFRICA,ALGERIA,ALGERIA  6
38,MIDDLE EAST,EGYPT,EGYPT    0
39,ASIA,INDIA,INDIA    6
40,EUROPE,RUSSIA,RUSSIA   0
41,ASIA,CHINA,CHINA    8
42,EUROPE,RUSSIA,RUSSIA   2
43,ASIA,JAPAN,JAPAN    8
44,EUROPE,GERMANY,GERMANY  1
45,ASIA,INDONESIA,INDONESIA8
46,AMERICA,UNITED STATES,UNITED ST8
47,AFRICA,KENYA,KENYA    7
48,AFRICA,KENYA,KENYA    6
49,AMERICA,UNITED STATES,UNITED ST5
50,ASIA,INDONESIA,INDONESIA9
51,ASIA,INDONESIA,INDONESIA7
52,EUROPE,ROMANIA,ROMANIA  8
53,EUROPE,GERMANY,GERMANY  4
54,ASIA,JAPAN,JAPAN    8
55,AMERICA,UNITED STATES,UNITED ST4
56,AFRICA,MOZAMBIQUE,MOZAMBIQU9
57,AMERICA,PERU,PERU     5
58,AFRICA,MOZAMBIQUE,MOZAMBIQU3
59,AMERICA,PERU,PERU     2
60,ASIA,INDIA,INDIA    6
61,ASIA,INDIA,INDIA    9
62,EUROPE,ROMANIA,ROMANIA  6
63,AFRICA,ETHIOPIA,ETHIOPIA 7
64,AMERICA,UNITED STATES,UNITED ST7
65,EUROPE,RUSSIA,RUSSIA   5
66,EUROPE,UNITED KINGDOM,UNITED KI0
67,MIDDLE EAST,EGYPT,EGYPT    9
68,ASIA,VIETNAM,VIETNAM  8
69,MIDDLE EAST,EGYPT,EGYPT    0
70,EUROPE,FRANCE,FRANCE   3
71,AMERICA,ARGENTINA,ARGENTINA9
72,ASIA,CHINA,CHINA    7
73,AFRICA,MOZAMBIQUE,MOZAMBIQU9
74,MIDDLE EAST,SAUDI ARABIA,SAUDI ARA6
75,ASIA,CHINA,CHINA    0
76,AFRICA,KENYA,KENYA    1
77,EUROPE,GERMANY,GERMANY  5
78,AFRICA,ETHIOPIA,ETHIOPIA 2
79,AFRICA,KENYA,KENYA    6
80,ASIA,VIETNAM,VIETNAM  5
81,ASIA,JAPAN,JAPAN    4
82,ASIA,CHINA,CHINA    8
83,AFRICA,KENYA,KENYA    1
84,AMERICA,UNITED STATES,UNITED ST7
85,EUROPE,GERMANY,GERMANY  2
86,EUROPE,ROMANIA,ROMANIA  2
87,AMERICA,UNITED STATES,UNITED ST9
88,MIDDLE EAST,IRAQ,IRAQ     0
89,ASIA,INDONESIA,INDONESIA4
90,EUROPE,FRANCE,FRANCE   7
91,AMERICA,CANADA,CANADA   7
92,AMERICA,BRAZIL,BRAZIL   7
93,AFRICA,MOZAMBIQUE,MOZAMBIQU9
94,MIDDLE EAST,EGYPT,EGYPT    0
95,EUROPE,ROMANIA,ROMANIA  9
96,ASIA,JAPAN,JAPAN    0
97,MIDDLE EAST,EGYPT,EGYPT    9
98,ASIA,VIETNAM,VIETNAM  4
99,ASIA,CHINA,CHINA    7
100,ASIA,VIETNAM,VIETNAM  2
101,MIDDLE EAST,IRAQ,IRAQ     6
102,ASIA,INDIA,INDIA    1
103,AMERICA,BRAZIL,BRAZIL   9
104,EUROPE,FRANCE,FRANCE   6
105,MIDDLE EAST,EGYPT,EGYPT    3
106,ASIA,VIETNAM,VIETNAM  9
107,AFRICA,MOZAMBIQUE,MOZAMBIQU4
108,AMERICA,UNITED STATES,UNITED ST5
109,ASIA,VIETNAM,VIETNAM  3
110,AFRICA,MOROCCO,MOROCCO  3
111,MIDDLE EAST,EGYPT,EGYPT    6
112,ASIA,JAPAN,JAPAN    7
113,MIDDLE EAST,IRAQ,IRAQ     3
114,MIDDLE EAST,SAUDI ARABIA,SAUDI ARA5
115,EUROPE,UNITED KINGDOM,UNITED KI5
116,MIDDLE EAST,JORDAN,JORDAN   1
117,ASIA,CHINA,CHINA    2
118,AFRICA,ALGERIA,ALGERIA  5
119,ASIA,CHINA,CHINA    8
120,EUROPE,GERMANY,GERMANY  8
121,EUROPE,FRANCE,FRANCE   1
122,AFRICA,MOZAMBIQUE,MOZAMBIQU3
123,EUROPE,ROMANIA,ROMANIA  7
124,ASIA,INDIA,INDIA    2
125,AMERICA,BRAZIL,BRAZIL   8
126,AFRICA,KENYA,KENYA    2
127,AMERICA,ARGENTINA,ARGENTINA2
128,EUROPE,UNITED KINGDOM,UNITED KI0
129,AFRICA,MOROCCO,MOROCCO  0
130,EUROPE,UNITED KINGDOM,UNITED KI2
131,AFRICA,KENYA,KENYA    5
132,AFRICA,ETHIOPIA,ETHIOPIA 9
133,MIDDLE EAST,EGYPT,EGYPT    3
134,EUROPE,FRANCE,FRANCE   1
135,EUROPE,GERMANY,GERMANY  6
136,ASIA,INDIA,INDIA    8
137,ASIA,CHINA,CHINA    5
138,EUROPE,ROMANIA,ROMANIA  7
139,EUROPE,RUSSIA,RUSSIA   0
140,AFRICA,MOZAMBIQUE,MOZAMBIQU0
141,MIDDLE EAST,IRAN,IRAN     1
142,AFRICA,MOZAMBIQUE,MOZAMBIQU4
143,ASIA,JAPAN,JAPAN    4
144,MIDDLE EAST,SAUDI ARABIA,SAUDI ARA0
145,EUROPE,FRANCE,FRANCE   0
146,EUROPE,RUSSIA,RUSSIA   9
147,EUROPE,UNITED KINGDOM,UNITED KI7
148,EUROPE,GERMANY,GERMANY  0
149,EUROPE,FRANCE,FRANCE   5
150,AFRICA,ETHIOPIA,ETHIOPIA 0
151,EUROPE,RUSSIA,RUSSIA   5
152,AMERICA,UNITED STATES,UNITED ST4
153,ASIA,INDONESIA,INDONESIA4
154,MIDDLE EAST,JORDAN,JORDAN   6
155,EUROPE,RUSSIA,RUSSIA   8
156,AFRICA,ETHIOPIA,ETHIOPIA 3
157,AMERICA,CANADA,CANADA   7
158,EUROPE,GERMANY,GERMANY  2
159,MIDDLE EAST,EGYPT,EGYPT    0
160,MIDDLE EAST,EGYPT,EGYPT    7
161,AFRICA,ALGERIA,ALGERIA  1
162,ASIA,INDONESIA,INDONESIA7
163,ASIA,JAPAN,JAPAN    9
164,AMERICA,BRAZIL,BRAZIL   6
165,AFRICA,KENYA,KENYA    1
166,MIDDLE EAST,JORDAN,JORDAN   4
167,MIDDLE EAST,SAUDI ARABIA,SAUDI ARA8
168,ASIA,INDONESIA,INDONESIA7
169,MIDDLE EAST,JORDAN,JORDAN   6
170,EUROPE,UNITED KINGDOM,UNITED KI3
171,MIDDLE EAST,IRAN,IRAN     2
172,EUROPE,RUSSIA,RUSSIA   4
173,ASIA,JAPAN,JAPAN    2
174,EUROPE,RUSSIA,RUSSIA   2
175,ASIA,JAPAN,JAPAN    6
176,MIDDLE EAST,IRAN,IRAN     5
177,ASIA,JAPAN,JAPAN    2
178,AFRICA,MOZAMBIQUE,MOZAMBIQU2
179,EUROPE,ROMANIA,ROMANIA  2
180,EUROPE,GERMANY,GERMANY  8
181,AFRICA,KENYA,KENYA    9
182,EUROPE,GERMANY,GERMANY  7
183,AFRICA,ALGERIA,ALGERIA  3
184,AMERICA,ARGENTINA,ARGENTINA2
185,AMERICA,PERU,PERU     8
186,AMERICA,ARGENTINA,ARGENTINA7
187,ASIA,CHINA,CHINA    5
188,MIDDLE EAST,SAUDI ARABIA,SAUDI ARA5
189,ASIA,INDONESIA,INDONESIA9
190,MIDDLE EAST,IRAN,IRAN     8
191,ASIA,CHINA,CHINA    8
192,AFRICA,MOROCCO,MOROCCO  4
193,AFRICA,ETHIOPIA,ETHIOPIA 1
194,ASIA,INDONESIA,INDONESIA1
195,AMERICA,BRAZIL,BRAZIL   4
196,ASIA,CHINA,CHINA    6
197,AMERICA,CANADA,CANADA   0
198,EUROPE,FRANCE,FRANCE   1
199,EUROPE,RUSSIA,RUSSIA   7
200,MIDDLE EAST,IRAQ,IRAQ     3
201,ASIA,CHINA,CHINA    6
202,EUROPE,UNITED KINGDOM,UNITED KI5
203,AMERICA,ARGENTINA,ARGENTINA4
204,AFRICA,MOROCCO,MOROCCO  0
205,AMERICA,CANADA,CANADA   7
206,EUROPE,ROMANIA,ROMANIA  7
207,AMERICA,BRAZIL,BRAZIL   5
208,MIDDLE EAST,EGYPT,EGYPT    5
209,ASIA,CHINA,CHINA    5
210,AMERICA,BRAZIL,BRAZIL   2
211,AMERICA,BRAZIL,BRAZIL   3
212,EUROPE,GERMANY,GERMANY  6
213,ASIA,CHINA,CHINA    9
214,AFRICA,KENYA,KENYA    2
215,ASIA,JAPAN,JAPAN    1
216,AFRICA,KENYA,KENYA    4
217,AFRICA,MOROCCO,MOROCCO  5
218,MIDDLE EAST,IRAN,IRAN     9
219,ASIA,INDONESIA,INDONESIA4
220,EUROPE,ROMANIA,ROMANIA  4
221,MIDDLE EAST,IRAQ,IRAQ     3
222,AFRICA,MOROCCO,MOROCCO  2
223,AMERICA,BRAZIL,BRAZIL   4
224,AFRICA,ETHIOPIA,ETHIOPIA 8
225,ASIA,INDONESIA,INDONESIA4
226,AMERICA,CANADA,CANADA   1
227,MIDDLE EAST,EGYPT,EGYPT    3
228,AFRICA,KENYA,KENYA    1
229,AFRICA,KENYA,KENYA    5
230,AMERICA,ARGENTINA,ARGENTINA1
231,AFRICA,ETHIOPIA,ETHIOPIA 5
232,EUROPE,GERMANY,GERMANY  1
233,EUROPE,FRANCE,FRANCE   1
234,AMERICA,UNITED STATES,UNITED ST8
235,ASIA,INDIA,INDIA    4
236,AFRICA,MOROCCO,MOROCCO  2
237,EUROPE,UNITED KINGDOM,UNITED KI1
238,ASIA,INDIA,INDIA    3
239,EUROPE,RUSSIA,RUSSIA   9
240,MIDDLE EAST,IRAN,IRAN     3
241,ASIA,INDIA,INDIA    8
242,MIDDLE EAST,IRAQ,IRAQ     2
243,EUROPE,FRANCE,FRANCE   0
244,AMERICA,ARGENTINA,ARGENTINA2
245,ASIA,INDIA,INDIA    7
246,MIDDLE EAST,EGYPT,EGYPT    1
247,EUROPE,UNITED KINGDOM,UNITED KI7
248,EUROPE,FRANCE,FRANCE   5
249,MIDDLE EAST,IRAN,IRAN     2
250,ASIA,INDONESIA,INDONESIA8
251,ASIA,VIETNAM,VIETNAM  9
252,MIDDLE EAST,IRAQ,IRAQ     9
253,ASIA,VIETNAM,VIETNAM  3
254,EUROPE,GERMANY,GERMANY  4
255,ASIA,CHINA,CHINA    7
256,MIDDLE EAST,IRAQ,IRAQ     1
257,AFRICA,MOZAMBIQUE,MOZAMBIQU0
258,EUROPE,GERMANY,GERMANY  9
259,MIDDLE EAST,IRAN,IRAN     9
260,EUROPE,UNITED KINGDOM,UNITED KI2
261,AFRICA,ALGERIA,ALGERIA  7
262,MIDDLE EAST,SAUDI ARABIA,SAUDI ARA6
263,AFRICA,KENYA,KENYA    4
264,EUROPE,ROMANIA,ROMANIA  1
265,EUROPE,ROMANIA,ROMANIA  8
266,EUROPE,UNITED KINGDOM,UNITED KI3
267,MIDDLE EAST,IRAN,IRAN     7
268,EUROPE,UNITED KINGDOM,UNITED KI4
269,AMERICA,BRAZIL,BRAZIL   8
270,EUROPE,UNITED KINGDOM,UNITED KI4
271,AFRICA,MOROCCO,MOROCCO  5
272,EUROPE,GERMANY,GERMANY  3
273,AFRICA,MOROCCO,MOROCCO  2
274,ASIA,VIETNAM,VIETNAM  2
275,ASIA,VIETNAM,VIETNAM  0
276,EUROPE,FRANCE,FRANCE   2
277,ASIA,JAPAN,JAPAN    6
278,ASIA,INDONESIA,INDONESIA0
279,MIDDLE EAST,JORDAN,JORDAN   4
280,MIDDLE EAST,IRAQ,IRAQ     3
281,AFRICA,ALGERIA,ALGERIA  5
282,ASIA,INDIA,INDIA    9
283,AMERICA,PERU,PERU     1
284,AFRICA,MOROCCO,MOROCCO  5
285,AMERICA,CANADA,CANADA   1
286,MIDDLE EAST,IRAN,IRAN     8
287,AMERICA,CANADA,CANADA   1
288,MIDDLE EAST,IRAN,IRAN     0
289,AFRICA,MOZAMBIQUE,MOZAMBIQU2
290,EUROPE,FRANCE,FRANCE   6
291,AFRICA,ALGERIA,ALGERIA  0
292,ASIA,VIETNAM,VIETNAM  5
293,ASIA,INDONESIA,INDONESIA1
294,ASIA,CHINA,CHINA    0
295,EUROPE,UNITED KINGDOM,UNITED KI6
296,AFRICA,KENYA,KENYA    1
297,AMERICA,ARGENTINA,ARGENTINA3
298,AFRICA,ETHIOPIA,ETHIOPIA 7
299,MIDDLE EAST,IRAN,IRAN     9
300,AMERICA,BRAZIL,BRAZIL   9
301,MIDDLE EAST,EGYPT,EGYPT    9
302,ASIA,CHINA,CHINA    0
303,ASIA,INDIA,INDIA    6
304,MIDDLE EAST,IRAQ,IRAQ     3
305,AMERICA,PERU,PERU     0
306,AFRICA,MOZAMBIQUE,MOZAMBIQU3
307,AFRICA,KENYA,KENYA    9
308,ASIA,INDIA,INDIA    8
309,AMERICA,BRAZIL,BRAZIL   7
310,AFRICA,ALGERIA,ALGERIA  4
311,EUROPE,RUSSIA,RUSSIA   3
312,MIDDLE EAST,JORDAN,JORDAN   4
313,ASIA,INDONESIA,INDONESIA9
314,EUROPE,RUSSIA,RUSSIA   3
315,AMERICA,BRAZIL,BRAZIL   2
316,AFRICA,ALGERIA,ALGERIA  4
317,AMERICA,PERU,PERU     6
318,AMERICA,UNITED STATES,UNITED ST6
319,ASIA,CHINA,CHINA    2
320,ASIA,VIETNAM,VIETNAM  9
321,EUROPE,ROMANIA,ROMANIA  0
322,EUROPE,FRANCE,FRANCE   6
323,EUROPE,RUSSIA,RUSSIA   4
324,ASIA,CHINA,CHINA    0
325,ASIA,INDIA,INDIA    5
326,EUROPE,GERMANY,GERMANY  7
327,AFRICA,ALGERIA,ALGERIA  1
328,EUROPE,GERMANY,GERMANY  6
329,AMERICA,PERU,PERU     3
330,EUROPE,RUSSIA,RUSSIA   2
331,EUROPE,RUSSIA,RUSSIA   8
332,ASIA,INDONESIA,INDONESIA1
333,EUROPE,RUSSIA,RUSSIA   3
334,MIDDLE EAST,JORDAN,JORDAN   2
335,AFRICA,MOZAMBIQUE,MOZAMBIQU0
336,AMERICA,ARGENTINA,ARGENTINA8
337,ASIA,JAPAN,JAPAN    5
338,AFRICA,MOZAMBIQUE,MOZAMBIQU6
339,AFRICA,ETHIOPIA,ETHIOPIA 3
340,EUROPE,RUSSIA,RUSSIA   6
341,AFRICA,KENYA,KENYA    5
342,AMERICA,BRAZIL,BRAZIL   7
343,MIDDLE EAST,EGYPT,EGYPT    0
344,MIDDLE EAST,IRAQ,IRAQ     0
345,ASIA,CHINA,CHINA    3
346,ASIA,INDIA,INDIA    3
347,ASIA,INDIA,INDIA    8
348,ASIA,INDIA,INDIA    8
349,MIDDLE EAST,JORDAN,JORDAN   4
350,EUROPE,GERMANY,GERMANY  9
351,ASIA,JAPAN,JAPAN    9
352,AFRICA,MOZAMBIQUE,MOZAMBIQU7
353,AFRICA,MOROCCO,MOROCCO  8
354,AMERICA,CANADA,CANADA   3
355,AFRICA,MOZAMBIQUE,MOZAMBIQU6
356,MIDDLE EAST,IRAQ,IRAQ     8
357,MIDDLE EAST,SAUDI ARABIA,SAUDI ARA1
358,AMERICA,CANADA,CANADA   7
359,AMERICA,UNITED STATES,UNITED ST3
360,AFRICA,ETHIOPIA,ETHIOPIA 8
361,AMERICA,CANADA,CANADA   9
362,EUROPE,UNITED KINGDOM,UNITED KI6
363,AMERICA,ARGENTINA,ARGENTINA8
364,ASIA,INDONESIA,INDONESIA5
365,EUROPE,UNITED KINGDOM,UNITED KI3
366,ASIA,JAPAN,JAPAN    9
367,EUROPE,RUSSIA,RUSSIA   7
368,AFRICA,ALGERIA,ALGERIA  1
369,EUROPE,GERMANY,GERMANY  0
370,AFRICA,ALGERIA,ALGERIA  6
371,EUROPE,ROMANIA,ROMANIA  4
372,AFRICA,ETHIOPIA,ETHIOPIA 3
373,AFRICA,MOZAMBIQUE,MOZAMBIQU7
374,AMERICA,BRAZIL,BRAZIL   4
375,MIDDLE EAST,IRAQ,IRAQ     6
376,AFRICA,MOZAMBIQUE,MOZAMBIQU1
377,AFRICA,MOZAMBIQUE,MOZAMBIQU8
378,AMERICA,CANADA,CANADA   7
379,MIDDLE EAST,SAUDI ARABIA,SAUDI ARA0
380,MIDDLE EAST,SAUDI ARABIA,SAUDI ARA7
381,EUROPE,FRANCE,FRANCE   2
382,AFRICA,MOROCCO,MOROCCO  1
383,EUROPE,RUSSIA,RUSSIA   1
384,EUROPE,GERMANY,GERMANY  9
385,ASIA,CHINA,CHINA    8
386,MIDDLE EAST,JORDAN,JORDAN   0
387,EUROPE,GERMANY,GERMANY  8
388,ASIA,CHINA,CHINA    3
389,AMERICA,UNITED STATES,UNITED ST5
390,EUROPE,GERMANY,GERMANY  5
391,AFRICA,MOROCCO,MOROCCO  3
392,AMERICA,PERU,PERU     0
393,AFRICA,ETHIOPIA,ETHIOPIA 7
394,ASIA,INDONESIA,INDONESIA4
395,ASIA,CHINA,CHINA    2
396,MIDDLE EAST,IRAN,IRAN     0
397,AMERICA,UNITED STATES,UNITED ST6
398,MIDDLE EAST,IRAN,IRAN     1
399,MIDDLE EAST,SAUDI ARABIA,SAUDI ARA8
400,ASIA,VIETNAM,VIETNAM  0
401,MIDDLE EAST,IRAN,IRAN     1
402,AMERICA,CANADA,CANADA   1
403,ASIA,INDONESIA,INDONESIA7
404,EUROPE,GERMANY,GERMANY  0
405,AMERICA,UNITED STATES,UNITED ST8
406,ASIA,VIETNAM,VIETNAM  6
407,MIDDLE EAST,IRAQ,IRAQ     0
408,EUROPE,RUSSIA,RUSSIA   5
409,EUROPE,GERMANY,GERMANY  4
410,EUROPE,ROMANIA,ROMANIA  6
411,ASIA,CHINA,CHINA    7
412,ASIA,JAPAN,JAPAN    9
413,MIDDLE EAST,IRAQ,IRAQ     5
414,ASIA,VIETNAM,VIETNAM  8
415,MIDDLE EAST,SAUDI ARABIA,SAUDI ARA1
416,MIDDLE EAST,IRAQ,IRAQ     8
417,EUROPE,FRANCE,FRANCE   2
418,AMERICA,UNITED STATES,UNITED ST6
419,EUROPE,FRANCE,FRANCE   8
420,ASIA,JAPAN,JAPAN    2
421,ASIA,INDIA,INDIA    9
422,MIDDLE EAST,IRAN,IRAN     3
423,AMERICA,UNITED STATES,UNITED ST0
424,EUROPE,RUSSIA,RUSSIA   2
425,AFRICA,ALGERIA,ALGERIA  6
426,EUROPE,UNITED KINGDOM,UNITED KI9
427,MIDDLE EAST,SAUDI ARABIA,SAUDI ARA7
428,AMERICA,PERU,PERU     6
429,EUROPE,UNITED KINGDOM,UNITED KI5
430,AMERICA,ARGENTINA,ARGENTINA5
431,AMERICA,CANADA,CANADA   1
432,MIDDLE EAST,IRAN,IRAN     4
433,AFRICA,KENYA,KENYA    1
434,AFRICA,ETHIOPIA,ETHIOPIA 6
435,ASIA,INDIA,INDIA    8
436,MIDDLE EAST,SAUDI ARABIA,SAUDI ARA8
437,EUROPE,GERMANY,GERMANY  9
438,AMERICA,UNITED STATES,UNITED ST3
439,ASIA,INDONESIA,INDONESIA1
440,AFRICA,MOROCCO,MOROCCO  4
441,AFRICA,KENYA,KENYA    4
442,MIDDLE EAST,IRAQ,IRAQ     5
443,MIDDLE EAST,IRAN,IRAN     0
444,ASIA,VIETNAM,VIETNAM  2
445,MIDDLE EAST,SAUDI ARABIA,SAUDI ARA1
446,ASIA,INDIA,INDIA    8
447,AFRICA,ETHIOPIA,ETHIOPIA 2
448,AMERICA,UNITED STATES,UNITED ST3
449,MIDDLE EAST,IRAN,IRAN     6
450,EUROPE,UNITED KINGDOM,UNITED KI0
451,EUROPE,FRANCE,FRANCE   9
452,AMERICA,PERU,PERU     6
453,ASIA,VIETNAM,VIETNAM  2
454,AFRICA,ALGERIA,ALGERIA  2
455,ASIA,INDONESIA,INDONESIA4
456,AFRICA,ETHIOPIA,ETHIOPIA 1
457,ASIA,INDIA,INDIA    1
458,ASIA,VIETNAM,VIETNAM  4
459,ASIA,CHINA,CHINA    1
460,MIDDLE EAST,SAUDI ARABIA,SAUDI ARA7
461,EUROPE,RUSSIA,RUSSIA   6
462,AFRICA,ETHIOPIA,ETHIOPIA 9
463,AFRICA,ALGERIA,ALGERIA  5
464,AFRICA,ETHIOPIA,ETHIOPIA 2
465,AMERICA,PERU,PERU     4
466,EUROPE,RUSSIA,RUSSIA   3
467,ASIA,JAPAN,JAPAN    7
468,EUROPE,FRANCE,FRANCE   1
469,ASIA,INDONESIA,INDONESIA9
470,EUROPE,ROMANIA,ROMANIA  6
471,ASIA,JAPAN,JAPAN    6
472,MIDDLE EAST,SAUDI ARABIA,SAUDI ARA0
473,AFRICA,MOROCCO,MOROCCO  5
474,AFRICA,ALGERIA,ALGERIA  3
475,AMERICA,CANADA,CANADA   5
476,AFRICA,ALGERIA,ALGERIA  9
477,EUROPE,GERMANY,GERMANY  6
478,MIDDLE EAST,IRAQ,IRAQ     4
479,ASIA,CHINA,CHINA    0
480,AFRICA,KENYA,KENYA    8
481,ASIA,INDONESIA,INDONESIA7
482,AFRICA,KENYA,KENYA    1
483,AMERICA,BRAZIL,BRAZIL   1
484,AMERICA,UNITED STATES,UNITED ST0
485,AMERICA,ARGENTINA,ARGENTINA2
486,MIDDLE EAST,SAUDI ARABIA,SAUDI ARA5
487,AFRICA,ETHIOPIA,ETHIOPIA 9
488,MIDDLE EAST,JORDAN,JORDAN   6
489,MIDDLE EAST,IRAN,IRAN     3
490,AMERICA,BRAZIL,BRAZIL   4
491,AFRICA,ALGERIA,ALGERIA  4
492,AFRICA,KENYA,KENYA    7
493,MIDDLE EAST,IRAQ,IRAQ     5
494,MIDDLE EAST,JORDAN,JORDAN   5
495,ASIA,JAPAN,JAPAN    5
496,MIDDLE EAST,SAUDI ARABIA,SAUDI ARA0
497,ASIA,JAPAN,JAPAN    1
498,AMERICA,PERU,PERU     8
499,ASIA,CHINA,CHINA    7
500,MIDDLE EAST,SAUDI ARABIA,SAUDI ARA0
501,AMERICA,UNITED STATES,UNITED ST0
502,MIDDLE EAST,EGYPT,EGYPT    7
503,MIDDLE EAST,SAUDI ARABIA,SAUDI ARA1
504,MIDDLE EAST,IRAN,IRAN     0
505,ASIA,INDONESIA,INDONESIA8
506,EUROPE,UNITED KINGDOM,UNITED KI9
507,ASIA,INDONESIA,INDONESIA0
508,AFRICA,KENYA,KENYA    9
509,EUROPE,FRANCE,FRANCE   5
510,EUROPE,ROMANIA,ROMANIA  7
511,EUROPE,UNITED KINGDOM,UNITED KI2
512,AFRICA,MOROCCO,MOROCCO  3
513,MIDDLE EAST,EGYPT,EGYPT    9
514,AFRICA,KENYA,KENYA    6
515,AMERICA,PERU,PERU     8
516,AFRICA,ETHIOPIA,ETHIOPIA 3
517,ASIA,INDIA,INDIA    9
518,AMERICA,ARGENTINA,ARGENTINA7
519,EUROPE,ROMANIA,ROMANIA  9
520,ASIA,JAPAN,JAPAN    4
521,AMERICA,ARGENTINA,ARGENTINA7
522,ASIA,INDIA,INDIA    4
523,ASIA,CHINA,CHINA    6
524,MIDDLE EAST,JORDAN,JORDAN   7
525,MIDDLE EAST,IRAQ,IRAQ     7
526,AFRICA,ETHIOPIA,ETHIOPIA 7
527,ASIA,CHINA,CHINA    2
528,AMERICA,BRAZIL,BRAZIL   3
529,MIDDLE EAST,IRAN,IRAN     1
530,AMERICA,CANADA,CANADA   6
531,EUROPE,RUSSIA,RUSSIA   9
532,AMERICA,CANADA,CANADA   8
533,EUROPE,GERMANY,GERMANY  7
534,ASIA,INDONESIA,INDONESIA2
535,MIDDLE EAST,IRAN,IRAN     0
536,AMERICA,PERU,PERU     6
537,MIDDLE EAST,JORDAN,JORDAN   8
538,AMERICA,PERU,PERU     1
539,AMERICA,ARGENTINA,ARGENTINA1
540,AFRICA,MOZAMBIQUE,MOZAMBIQU3
541,AMERICA,PERU,PERU     2
542,AFRICA,ETHIOPIA,ETHIOPIA 8
543,AFRICA,MOROCCO,MOROCCO  6
544,AMERICA,ARGENTINA,ARGENTINA0
545,AMERICA,BRAZIL,BRAZIL   4
546,EUROPE,RUSSIA,RUSSIA   2
547,ASIA,INDIA,INDIA    9
548,ASIA,JAPAN,JAPAN    1
549,AFRICA,ALGERIA,ALGERIA  1
550,ASIA,JAPAN,JAPAN    0
551,ASIA,INDIA,INDIA    4
552,ASIA,JAPAN,JAPAN    7
553,EUROPE,FRANCE,FRANCE   9
554,EUROPE,GERMANY,GERMANY  2
555,AMERICA,CANADA,CANADA   0
556,EUROPE,FRANCE,FRANCE   8
557,AMERICA,CANADA,CANADA   7
558,ASIA,INDONESIA,INDONESIA4
559,MIDDLE EAST,IRAQ,IRAQ     1
560,AMERICA,PERU,PERU     9
561,EUROPE,RUSSIA,RUSSIA   6
562,EUROPE,UNITED KINGDOM,UNITED KI5
563,EUROPE,GERMANY,GERMANY  5
564,AMERICA,BRAZIL,BRAZIL   1
565,MIDDLE EAST,SAUDI ARABIA,SAUDI ARA6
566,AMERICA,UNITED STATES,UNITED ST3
567,AMERICA,ARGENTINA,ARGENTINA6
568,MIDDLE EAST,IRAN,IRAN     0
569,AFRICA,MOROCCO,MOROCCO  4
570,AMERICA,PERU,PERU     1
571,ASIA,INDONESIA,INDONESIA9
572,EUROPE,ROMANIA,ROMANIA  0
573,ASIA,JAPAN,JAPAN    9
574,EUROPE,RUSSIA,RUSSIA   1
575,EUROPE,ROMANIA,ROMANIA  5
576,ASIA,JAPAN,JAPAN    1
577,MIDDLE EAST,JORDAN,JORDAN   6
578,MIDDLE EAST,SAUDI ARABIA,SAUDI ARA9
579,EUROPE,ROMANIA,ROMANIA  8
580,EUROPE,FRANCE,FRANCE   7
581,ASIA,CHINA,CHINA    0
582,MIDDLE EAST,EGYPT,EGYPT    4
583,AFRICA,MOROCCO,MOROCCO  7
584,ASIA,CHINA,CHINA    4
585,EUROPE,UNITED KINGDOM,UNITED KI7
586,AMERICA,BRAZIL,BRAZIL   3
587,EUROPE,GERMANY,GERMANY  5
588,AFRICA,KENYA,KENYA    8
589,ASIA,CHINA,CHINA    1
590,ASIA,INDONESIA,INDONESIA9
591,AMERICA,UNITED STATES,UNITED ST1
592,ASIA,INDONESIA,INDONESIA5
593,EUROPE,FRANCE,FRANCE   6
594,AMERICA,PERU,PERU     0
595,AMERICA,UNITED STATES,UNITED ST6
596,MIDDLE EAST,EGYPT,EGYPT    6
597,AMERICA,UNITED STATES,UNITED ST1
598,EUROPE,GERMANY,GERMANY  4
599,MIDDLE EAST,EGYPT,EGYPT    7
600,ASIA,JAPAN,JAPAN    0
601,ASIA,INDIA,INDIA    1
602,MIDDLE EAST,SAUDI ARABIA,SAUDI ARA0
603,ASIA,JAPAN,JAPAN    9
604,AMERICA,UNITED STATES,UNITED ST5
605,EUROPE,FRANCE,FRANCE   2
606,EUROPE,ROMANIA,ROMANIA  3
607,AFRICA,MOROCCO,MOROCCO  4
608,AMERICA,PERU,PERU     7
609,ASIA,JAPAN,JAPAN    7
610,MIDDLE EAST,SAUDI ARABIA,SAUDI ARA6
611,ASIA,INDIA,INDIA    1
612,EUROPE,UNITED KINGDOM,UNITED KI2
613,MIDDLE EAST,IRAQ,IRAQ     3
614,AFRICA,KENYA,KENYA    9
615,EUROPE,UNITED KINGDOM,UNITED KI9
616,EUROPE,FRANCE,FRANCE   8
617,EUROPE,GERMANY,GERMANY  9
618,MIDDLE EAST,EGYPT,EGYPT    2
619,AMERICA,PERU,PERU     4
620,AMERICA,UNITED STATES,UNITED ST3
621,EUROPE,FRANCE,FRANCE   7
622,ASIA,VIETNAM,VIETNAM  8
623,EUROPE,GERMANY,GERMANY  4
624,AMERICA,ARGENTINA,ARGENTINA0
625,EUROPE,UNITED KINGDOM,UNITED KI2
626,MIDDLE EAST,JORDAN,JORDAN   0
627,MIDDLE EAST,IRAQ,IRAQ     0
628,AFRICA,ALGERIA,ALGERIA  2
629,EUROPE,GERMANY,GERMANY  8
630,EUROPE,UNITED KINGDOM,UNITED KI3
631,AFRICA,MOROCCO,MOROCCO  8
632,AMERICA,BRAZIL,BRAZIL   5
633,MIDDLE EAST,SAUDI ARABIA,SAUDI ARA5
634,EUROPE,UNITED KINGDOM,UNITED KI5
635,MIDDLE EAST,IRAN,IRAN     8
636,ASIA,CHINA,CHINA    1
637,AFRICA,ETHIOPIA,ETHIOPIA 6
638,ASIA,INDIA,INDIA    7
639,ASIA,INDONESIA,INDONESIA0
640,AMERICA,CANADA,CANADA   8
641,AMERICA,PERU,PERU     0
642,MIDDLE EAST,IRAQ,IRAQ     5
643,ASIA,CHINA,CHINA    5
644,MIDDLE EAST,IRAN,IRAN     1
645,EUROPE,GERMANY,GERMANY  2
646,EUROPE,FRANCE,FRANCE   3
647,EUROPE,UNITED KINGDOM,UNITED KI5
648,MIDDLE EAST,SAUDI ARABIA,SAUDI ARA8
649,EUROPE,GERMANY,GERMANY  7
650,MIDDLE EAST,EGYPT,EGYPT    4
651,EUROPE,RUSSIA,RUSSIA   8
652,ASIA,JAPAN,JAPAN    9
653,AMERICA,PERU,PERU     7
654,EUROPE,GERMANY,GERMANY  8
655,MIDDLE EAST,EGYPT,EGYPT    7
656,EUROPE,ROMANIA,ROMANIA  4
657,AMERICA,CANADA,CANADA   3
658,EUROPE,RUSSIA,RUSSIA   0
659,MIDDLE EAST,SAUDI ARABIA,SAUDI ARA2
660,MIDDLE EAST,SAUDI ARABIA,SAUDI ARA1
661,MIDDLE EAST,JORDAN,JORDAN   1
662,ASIA,CHINA,CHINA    3
663,ASIA,CHINA,CHINA    9
664,MIDDLE EAST,EGYPT,EGYPT    2
665,ASIA,JAPAN,JAPAN    5
666,EUROPE,ROMANIA,ROMANIA  5
667,EUROPE,UNITED KINGDOM,UNITED KI4
668,ASIA,INDIA,INDIA    3
669,MIDDLE EAST,SAUDI ARABIA,SAUDI ARA4
670,MIDDLE EAST,SAUDI ARABIA,SAUDI ARA3
671,ASIA,INDIA,INDIA    6
672,MIDDLE EAST,IRAQ,IRAQ     3
673,MIDDLE EAST,SAUDI ARABIA,SAUDI ARA1
674,EUROPE,FRANCE,FRANCE   3
675,AFRICA,MOROCCO,MOROCCO  1
676,ASIA,INDONESIA,INDONESIA1
677,MIDDLE EAST,JORDAN,JORDAN   8
678,AMERICA,ARGENTINA,ARGENTINA0
679,MIDDLE EAST,EGYPT,EGYPT    4
680,EUROPE,RUSSIA,RUSSIA   3
681,ASIA,JAPAN,JAPAN    9
682,ASIA,INDONESIA,INDONESIA0
683,AFRICA,ALGERIA,ALGERIA  5
684,EUROPE,ROMANIA,ROMANIA  8
685,ASIA,JAPAN,JAPAN    2
686,ASIA,INDONESIA,INDONESIA8
687,MIDDLE EAST,SAUDI ARABIA,SAUDI ARA6
688,AMERICA,CANADA,CANADA   7
689,AMERICA,BRAZIL,BRAZIL   1
690,EUROPE,ROMANIA,ROMANIA  9
691,ASIA,JAPAN,JAPAN    0
692,AFRICA,ALGERIA,ALGERIA  1
693,ASIA,INDIA,INDIA    8
694,MIDDLE EAST,IRAN,IRAN     6
695,ASIA,VIETNAM,VIETNAM  5
696,AFRICA,ALGERIA,ALGERIA  3
697,ASIA,JAPAN,JAPAN    5
698,MIDDLE EAST,IRAQ,IRAQ     3
699,MIDDLE EAST,EGYPT,EGYPT    9
700,AFRICA,ETHIOPIA,ETHIOPIA 0
701,AFRICA,ALGERIA,ALGERIA  9
702,ASIA,INDONESIA,INDONESIA1
703,MIDDLE EAST,JORDAN,JORDAN   8
704,EUROPE,ROMANIA,ROMANIA  5
705,AFRICA,MOROCCO,MOROCCO  3
706,MIDDLE EAST,IRAQ,IRAQ     1
707,AFRICA,ALGERIA,ALGERIA  0
708,MIDDLE EAST,SAUDI ARABIA,SAUDI ARA1
709,MIDDLE EAST,SAUDI ARABIA,SAUDI ARA0
710,AMERICA,CANADA,CANADA   7
711,EUROPE,ROMANIA,ROMANIA  3
712,MIDDLE EAST,IRAN,IRAN     0
713,ASIA,VIETNAM,VIETNAM  1
714,AMERICA,ARGENTINA,ARGENTINA0
715,AFRICA,KENYA,KENYA    8
716,AFRICA,MOZAMBIQUE,MOZAMBIQU7
717,AFRICA,KENYA,KENYA    6
718,MIDDLE EAST,SAUDI ARABIA,SAUDI ARA1
719,ASIA,CHINA,CHINA    6
720,AMERICA,PERU,PERU     6
721,AMERICA,ARGENTINA,ARGENTINA5
722,AMERICA,BRAZIL,BRAZIL   6
723,AFRICA,ETHIOPIA,ETHIOPIA 8
724,ASIA,CHINA,CHINA    6
725,AMERICA,ARGENTINA,ARGENTINA6
726,AFRICA,MOZAMBIQUE,MOZAMBIQU6
727,AMERICA,BRAZIL,BRAZIL   1
728,AFRICA,KENYA,KENYA    2
729,AMERICA,CANADA,CANADA   2
730,AMERICA,ARGENTINA,ARGENTINA1
731,ASIA,VIETNAM,VIETNAM  4
732,AMERICA,PERU,PERU     0
733,ASIA,CHINA,CHINA    4
734,MIDDLE EAST,IRAN,IRAN     9
735,AMERICA,PERU,PERU     1
736,AMERICA,CANADA,CANADA   7
737,AMERICA,BRAZIL,BRAZIL   0
738,EUROPE,RUSSIA,RUSSIA   7
739,MIDDLE EAST,IRAQ,IRAQ     6
740,EUROPE,UNITED KINGDOM,UNITED KI9
741,EUROPE,GERMANY,GERMANY  9
742,AFRICA,ALGERIA,ALGERIA  1
743,AMERICA,BRAZIL,BRAZIL   4
744,AMERICA,CANADA,CANADA   5
745,ASIA,VIETNAM,VIETNAM  6
746,EUROPE,RUSSIA,RUSSIA   5
747,ASIA,JAPAN,JAPAN    9
748,AMERICA,ARGENTINA,ARGENTINA1
749,AFRICA,ETHIOPIA,ETHIOPIA 4
750,ASIA,CHINA,CHINA    5
751,AFRICA,ETHIOPIA,ETHIOPIA 1
752,AMERICA,CANADA,CANADA   5
753,AFRICA,ALGERIA,ALGERIA  3
754,AMERICA,PERU,PERU     8
755,AFRICA,MOROCCO,MOROCCO  9
756,EUROPE,GERMANY,GERMANY  4
757,ASIA,INDIA,INDIA    6
758,AMERICA,PERU,PERU     4
759,ASIA,INDIA,INDIA    7
760,ASIA,VIETNAM,VIETNAM  2
761,AMERICA,CANADA,CANADA   0
762,MIDDLE EAST,SAUDI ARABIA,SAUDI ARA5
763,AMERICA,PERU,PERU     1
764,AFRICA,ALGERIA,ALGERIA  2
765,AMERICA,UNITED STATES,UNITED ST8
766,MIDDLE EAST,EGYPT,EGYPT    5
767,ASIA,VIETNAM,VIETNAM  5
768,EUROPE,RUSSIA,RUSSIA   1
769,EUROPE,FRANCE,FRANCE   2
770,ASIA,INDONESIA,INDONESIA1
771,EUROPE,ROMANIA,ROMANIA  3
772,MIDDLE EAST,IRAQ,IRAQ     5
773,EUROPE,UNITED KINGDOM,UNITED KI2
774,AFRICA,ALGERIA,ALGERIA  8
775,AMERICA,BRAZIL,BRAZIL   5
776,ASIA,VIETNAM,VIETNAM  9
777,MIDDLE EAST,IRAQ,IRAQ     6
778,MIDDLE EAST,SAUDI ARABIA,SAUDI ARA8
779,AMERICA,PERU,PERU     9
780,EUROPE,FRANCE,FRANCE   4
781,AMERICA,BRAZIL,BRAZIL   3
782,MIDDLE EAST,IRAQ,IRAQ     0
783,AMERICA,CANADA,CANADA   5
784,AFRICA,ALGERIA,ALGERIA  3
785,EUROPE,RUSSIA,RUSSIA   1
786,ASIA,INDIA,INDIA    1
787,AMERICA,UNITED STATES,UNITED ST9
788,MIDDLE EAST,SAUDI ARABIA,SAUDI ARA2
789,MIDDLE EAST,JORDAN,JORDAN   3
790,AFRICA,ETHIOPIA,ETHIOPIA 6
791,EUROPE,RUSSIA,RUSSIA   5
792,AMERICA,ARGENTINA,ARGENTINA5
793,ASIA,CHINA,CHINA    7
794,MIDDLE EAST,EGYPT,EGYPT    5
795,ASIA,INDIA,INDIA    4
796,MIDDLE EAST,IRAQ,IRAQ     9
797,AFRICA,KENYA,KENYA    8
798,ASIA,CHINA,CHINA    2
799,EUROPE,RUSSIA,RUSSIA   4
800,AFRICA,ALGERIA,ALGERIA  8
801,AMERICA,ARGENTINA,ARGENTINA7
802,EUROPE,ROMANIA,ROMANIA  8
803,AFRICA,MOROCCO,MOROCCO  5
804,ASIA,VIETNAM,VIETNAM  0
805,ASIA,INDIA,INDIA    7
806,MIDDLE EAST,JORDAN,JORDAN   2
807,AFRICA,KENYA,KENYA    8
808,AFRICA,MOROCCO,MOROCCO  5
809,EUROPE,RUSSIA,RUSSIA   0
810,ASIA,INDONESIA,INDONESIA8
811,MIDDLE EAST,SAUDI ARABIA,SAUDI ARA0
812,EUROPE,FRANCE,FRANCE   8
813,EUROPE,RUSSIA,RUSSIA   9
814,AFRICA,MOROCCO,MOROCCO  5
815,EUROPE,GERMANY,GERMANY  3
816,EUROPE,UNITED KINGDOM,UNITED KI3
817,AFRICA,ALGERIA,ALGERIA  7
818,AFRICA,MOZAMBIQUE,MOZAMBIQU4
819,AFRICA,ETHIOPIA,ETHIOPIA 1
820,AFRICA,MOROCCO,MOROCCO  8
821,MIDDLE EAST,SAUDI ARABIA,SAUDI ARA4
822,EUROPE,FRANCE,FRANCE   2
823,ASIA,VIETNAM,VIETNAM  8
824,MIDDLE EAST,JORDAN,JORDAN   4
825,MIDDLE EAST,SAUDI ARABIA,SAUDI ARA3
826,AFRICA,MOROCCO,MOROCCO  0
827,ASIA,INDONESIA,INDONESIA7
828,ASIA,VIETNAM,VIETNAM  3
829,AMERICA,BRAZIL,BRAZIL   0
830,MIDDLE EAST,IRAN,IRAN     7
831,AFRICA,MOROCCO,MOROCCO  3
832,AFRICA,MOROCCO,MOROCCO  8
833,AMERICA,PERU,PERU     7
834,ASIA,INDONESIA,INDONESIA7
835,AFRICA,KENYA,KENYA    0
836,AMERICA,ARGENTINA,ARGENTINA0
837,ASIA,JAPAN,JAPAN    9
838,MIDDLE EAST,IRAQ,IRAQ     8
839,EUROPE,FRANCE,FRANCE   7
840,EUROPE,ROMANIA,ROMANIA  9
841,EUROPE,GERMANY,GERMANY  8
842,MIDDLE EAST,EGYPT,EGYPT    5
843,ASIA,CHINA,CHINA    3
844,AMERICA,UNITED STATES,UNITED ST0
845,EUROPE,UNITED KINGDOM,UNITED KI2
846,MIDDLE EAST,SAUDI ARABIA,SAUDI ARA0
847,AFRICA,MOROCCO,MOROCCO  1
848,AMERICA,CANADA,CANADA   2
849,AMERICA,ARGENTINA,ARGENTINA5
850,MIDDLE EAST,EGYPT,EGYPT    7
851,AFRICA,MOROCCO,MOROCCO  3
852,AMERICA,ARGENTINA,ARGENTINA6
853,ASIA,INDIA,INDIA    6
854,AFRICA,MOZAMBIQUE,MOZAMBIQU6
855,ASIA,INDONESIA,INDONESIA4
856,MIDDLE EAST,EGYPT,EGYPT    4
857,AMERICA,BRAZIL,BRAZIL   5
858,ASIA,INDONESIA,INDONESIA1
859,AFRICA,MOZAMBIQUE,MOZAMBIQU8
860,AMERICA,PERU,PERU     3
861,EUROPE,GERMANY,GERMANY  6
862,AMERICA,BRAZIL,BRAZIL   3
863,ASIA,VIETNAM,VIETNAM  3
864,AFRICA,ETHIOPIA,ETHIOPIA 7
865,AMERICA,PERU,PERU     7
866,AMERICA,UNITED STATES,UNITED ST8
867,MIDDLE EAST,IRAQ,IRAQ     2
868,AMERICA,ARGENTINA,ARGENTINA7
869,MIDDLE EAST,JORDAN,JORDAN   2
870,ASIA,VIETNAM,VIETNAM  7
871,ASIA,INDIA,INDIA    1
872,MIDDLE EAST,IRAQ,IRAQ     2
873,AMERICA,ARGENTINA,ARGENTINA5
874,AFRICA,MOZAMBIQUE,MOZAMBIQU4
875,MIDDLE EAST,JORDAN,JORDAN   5
876,MIDDLE EAST,IRAQ,IRAQ     1
877,MIDDLE EAST,EGYPT,EGYPT    5
878,ASIA,INDIA,INDIA    6
879,AMERICA,PERU,PERU     5
880,MIDDLE EAST,IRAN,IRAN     2
881,MIDDLE EAST,JORDAN,JORDAN   5
882,AFRICA,KENYA,KENYA    4
883,ASIA,CHINA,CHINA    3
884,AMERICA,CANADA,CANADA   8
885,EUROPE,GERMANY,GERMANY  9
886,AMERICA,ARGENTINA,ARGENTINA4
887,AMERICA,CANADA,CANADA   7
888,AMERICA,UNITED STATES,UNITED ST1
889,MIDDLE EAST,SAUDI ARABIA,SAUDI ARA7
890,MIDDLE EAST,IRAQ,IRAQ     5
891,ASIA,INDIA,INDIA    4
892,ASIA,INDIA,INDIA    3
893,EUROPE,RUSSIA,RUSSIA   2
894,ASIA,INDONESIA,INDONESIA4
895,AMERICA,BRAZIL,BRAZIL   0
896,EUROPE,GERMANY,GERMANY  2
897,MIDDLE EAST,IRAN,IRAN     0
898,MIDDLE EAST,EGYPT,EGYPT    8
899,MIDDLE EAST,IRAQ,IRAQ     8
900,AFRICA,ETHIOPIA,ETHIOPIA 3
901,ASIA,INDIA,INDIA    3
902,EUROPE,RUSSIA,RUSSIA   5
903,EUROPE,RUSSIA,RUSSIA   0
904,AFRICA,MOROCCO,MOROCCO  9
905,AMERICA,PERU,PERU     4
906,AMERICA,BRAZIL,BRAZIL   5
907,ASIA,JAPAN,JAPAN    2
908,MIDDLE EAST,EGYPT,EGYPT    6
909,MIDDLE EAST,IRAQ,IRAQ     9
910,AFRICA,ETHIOPIA,ETHIOPIA 6
911,MIDDLE EAST,IRAQ,IRAQ     5
912,ASIA,INDIA,INDIA    0
913,AMERICA,UNITED STATES,UNITED ST1
914,AFRICA,KENYA,KENYA    3
915,ASIA,CHINA,CHINA    8
916,MIDDLE EAST,IRAQ,IRAQ     5
917,EUROPE,RUSSIA,RUSSIA   0
918,MIDDLE EAST,SAUDI ARABIA,SAUDI ARA3
919,AFRICA,MOZAMBIQUE,MOZAMBIQU4
920,MIDDLE EAST,SAUDI ARABIA,SAUDI ARA9
921,AMERICA,BRAZIL,BRAZIL   7
922,MIDDLE EAST,JORDAN,JORDAN   0
923,MIDDLE EAST,IRAN,IRAN     8
924,AFRICA,KENYA,KENYA    7
925,EUROPE,ROMANIA,ROMANIA  5
926,MIDDLE EAST,IRAN,IRAN     4
927,ASIA,INDONESIA,INDONESIA8
928,ASIA,CHINA,CHINA    0
929,MIDDLE EAST,SAUDI ARABIA,SAUDI ARA5
930,MIDDLE EAST,IRAN,IRAN     3
931,ASIA,INDIA,INDIA    3
932,MIDDLE EAST,IRAN,IRAN     2
933,EUROPE,GERMANY,GERMANY  2
934,ASIA,INDONESIA,INDONESIA4
935,AMERICA,CANADA,CANADA   7
936,AMERICA,PERU,PERU     9
937,AFRICA,MOROCCO,MOROCCO  7
938,MIDDLE EAST,EGYPT,EGYPT    6
939,EUROPE,UNITED KINGDOM,UNITED KI9
940,AMERICA,BRAZIL,BRAZIL   6
941,ASIA,VIETNAM,VIETNAM  3
942,AMERICA,UNITED STATES,UNITED ST4
943,AFRICA,MOZAMBIQUE,MOZAMBIQU1
944,MIDDLE EAST,JORDAN,JORDAN   3
945,AMERICA,ARGENTINA,ARGENTINA4
946,AFRICA,MOROCCO,MOROCCO  2
947,ASIA,CHINA,CHINA    6
948,ASIA,VIETNAM,VIETNAM  9
949,EUROPE,UNITED KINGDOM,UNITED KI3
950,AMERICA,ARGENTINA,ARGENTINA8
951,AMERICA,BRAZIL,BRAZIL   6
952,EUROPE,RUSSIA,RUSSIA   5
953,ASIA,VIETNAM,VIETNAM  8
954,EUROPE,FRANCE,FRANCE   6
955,AMERICA,PERU,PERU     0
956,ASIA,CHINA,CHINA    2
957,EUROPE,UNITED KINGDOM,UNITED KI1
958,ASIA,INDIA,INDIA    2
959,EUROPE,GERMANY,GERMANY  8
960,ASIA,JAPAN,JAPAN    2
961,AFRICA,MOROCCO,MOROCCO  1
962,ASIA,CHINA,CHINA    6
963,MIDDLE EAST,IRAQ,IRAQ     2
964,EUROPE,GERMANY,GERMANY  4
965,EUROPE,GERMANY,GERMANY  3
966,MIDDLE EAST,EGYPT,EGYPT    5
967,MIDDLE EAST,EGYPT,EGYPT    7
968,MIDDLE EAST,EGYPT,EGYPT    3
969,ASIA,VIETNAM,VIETNAM  6
970,AMERICA,BRAZIL,BRAZIL   1
971,AMERICA,CANADA,CANADA   1
972,ASIA,JAPAN,JAPAN    6
973,ASIA,VIETNAM,VIETNAM  3
974,AFRICA,MOZAMBIQUE,MOZAMBIQU8
975,AMERICA,CANADA,CANADA   2
976,AMERICA,UNITED STATES,UNITED ST7
977,MIDDLE EAST,SAUDI ARABIA,SAUDI ARA2
978,AFRICA,MOZAMBIQUE,MOZAMBIQU3
979,MIDDLE EAST,IRAN,IRAN     5
980,MIDDLE EAST,JORDAN,JORDAN   2
981,EUROPE,ROMANIA,ROMANIA  9
982,MIDDLE EAST,IRAN,IRAN     0
983,AFRICA,ALGERIA,ALGERIA  4
984,ASIA,VIETNAM,VIETNAM  0
985,AMERICA,ARGENTINA,ARGENTINA7
986,EUROPE,RUSSIA,RUSSIA   7
987,ASIA,CHINA,CHINA    2
988,AFRICA,ALGERIA,ALGERIA  9
989,AMERICA,ARGENTINA,ARGENTINA6
990,AMERICA,BRAZIL,BRAZIL   0
991,AFRICA,MOZAMBIQUE,MOZAMBIQU0
992,AMERICA,BRAZIL,BRAZIL   6
993,AMERICA,BRAZIL,BRAZIL   4
994,MIDDLE EAST,EGYPT,EGYPT    6
995,ASIA,CHINA,CHINA    5
996,EUROPE,GERMANY,GERMANY  3
997,AMERICA,CANADA,CANADA   6
998,AFRICA,MOROCCO,MOROCCO  4
999,AMERICA,BRAZIL,BRAZIL   9
1000,AMERICA,PERU,PERU     1
1001,ASIA,INDONESIA,INDONESIA9
1002,EUROPE,RUSSIA,RUSSIA   5
1003,MIDDLE EAST,IRAN,IRAN     6
1004,MIDDLE EAST,IRAN,IRAN     8
1005,EUROPE,ROMANIA,ROMANIA  9
1006,ASIA,CHINA,CHINA    8
1007,MIDDLE EAST,SAUDI ARABIA,SAUDI ARA7
1008,EUROPE,ROMANIA,ROMANIA  3
1009,AFRICA,ALGERIA,ALGERIA  0
1010,EUROPE,RUSSIA,RUSSIA   7
1011,ASIA,INDONESIA,INDONESIA2
1012,AMERICA,BRAZIL,BRAZIL   6
1013,EUROPE,RUSSIA,RUSSIA   6
1014,AMERICA,BRAZIL,BRAZIL   9
1015,ASIA,INDIA,INDIA    5
1016,ASIA,VIETNAM,VIETNAM  1
1017,AMERICA,BRAZIL,BRAZIL   2
1018,AFRICA,MOZAMBIQUE,MOZAMBIQU1
1019,MIDDLE EAST,SAUDI ARABIA,SAUDI ARA0
1020,AMERICA,ARGENTINA,ARGENTINA8
1021,AMERICA,BRAZIL,BRAZIL   6
1022,AFRICA,KENYA,KENYA    9
1023,AMERICA,PERU,PERU     0
1024,MIDDLE EAST,IRAN,IRAN     5
1025,EUROPE,RUSSIA,RUSSIA   3
1026,AFRICA,ETHIOPIA,ETHIOPIA 1
1027,ASIA,CHINA,CHINA    6
1028,MIDDLE EAST,IRAQ,IRAQ     7
1029,AFRICA,ETHIOPIA,ETHIOPIA 7
1030,EUROPE,FRANCE,FRANCE   4
1031,ASIA,INDIA,INDIA    0
1032,AFRICA,ETHIOPIA,ETHIOPIA 2
1033,AMERICA,CANADA,CANADA   4
1034,EUROPE,FRANCE,FRANCE   3
1035,EUROPE,GERMANY,GERMANY  4
1036,ASIA,INDONESIA,INDONESIA8
1037,ASIA,INDIA,INDIA    6
1038,AFRICA,MOZAMBIQUE,MOZAMBIQU9
1039,EUROPE,FRANCE,FRANCE   4
1040,ASIA,INDIA,INDIA    9
1041,MIDDLE EAST,EGYPT,EGYPT    9
1042,ASIA,INDONESIA,INDONESIA6
1043,EUROPE,FRANCE,FRANCE   1
1044,AFRICA,KENYA,KENYA    5
1045,ASIA,CHINA,CHINA    6
1046,MIDDLE EAST,SAUDI ARABIA,SAUDI ARA4
1047,MIDDLE EAST,SAUDI ARABIA,SAUDI ARA3
1048,ASIA,INDONESIA,INDONESIA3
1049,AMERICA,PERU,PERU     2
1050,AFRICA,KENYA,KENYA    4
1051,ASIA,JAPAN,JAPAN    5
1052,MIDDLE EAST,EGYPT,EGYPT    8
1053,MIDDLE EAST,SAUDI ARABIA,SAUDI ARA2
1054,MIDDLE EAST,SAUDI ARABIA,SAUDI ARA3
1055,AFRICA,MOROCCO,MOROCCO  4
1056,ASIA,VIETNAM,VIETNAM  7
1057,ASIA,INDONESIA,INDONESIA2
1058,MIDDLE EAST,SAUDI ARABIA,SAUDI ARA5
1059,MIDDLE EAST,IRAN,IRAN     6
1060,AFRICA,MOROCCO,MOROCCO  0
1061,MIDDLE EAST,IRAN,IRAN     2
1062,MIDDLE EAST,SAUDI ARABIA,SAUDI ARA7
1063,AFRICA,MOZAMBIQUE,MOZAMBIQU4
1064,MIDDLE EAST,IRAQ,IRAQ     1
1065,ASIA,INDONESIA,INDONESIA6
1066,ASIA,JAPAN,JAPAN    0
1067,MIDDLE EAST,JORDAN,JORDAN   4
1068,AFRICA,ETHIOPIA,ETHIOPIA 4
1069,ASIA,CHINA,CHINA    3
1070,ASIA,CHINA,CHINA    9
1071,AFRICA,MOROCCO,MOROCCO  9
1072,AMERICA,PERU,PERU     1
1073,EUROPE,UNITED KINGDOM,UNITED KI3
1074,EUROPE,UNITED KINGDOM,UNITED KI3
1075,MIDDLE EAST,IRAN,IRAN     3
1076,AMERICA,ARGENTINA,ARGENTINA6
1077,AFRICA,MOROCCO,MOROCCO  4
1078,AMERICA,UNITED STATES,UNITED ST9
1079,AFRICA,KENYA,KENYA    0
1080,ASIA,VIETNAM,VIETNAM  7
1081,AFRICA,MOROCCO,MOROCCO  1
1082,ASIA,INDONESIA,INDONESIA7
1083,MIDDLE EAST,SAUDI ARABIA,SAUDI ARA6
1084,AMERICA,ARGENTINA,ARGENTINA6
1085,AMERICA,BRAZIL,BRAZIL   3
1086,AMERICA,UNITED STATES,UNITED ST1
1087,AMERICA,BRAZIL,BRAZIL   4
1088,AFRICA,ETHIOPIA,ETHIOPIA 5
1089,AMERICA,PERU,PERU     8
1090,ASIA,VIETNAM,VIETNAM  5
1091,MIDDLE EAST,JORDAN,JORDAN   1
1092,EUROPE,ROMANIA,ROMANIA  1
1093,MIDDLE EAST,IRAQ,IRAQ     6
1094,EUROPE,GERMANY,GERMANY  1
1095,MIDDLE EAST,EGYPT,EGYPT    7
1096,ASIA,INDONESIA,INDONESIA3
1097,AFRICA,ALGERIA,ALGERIA  6
1098,AFRICA,KENYA,KENYA    6
1099,EUROPE,RUSSIA,RUSSIA   3
1100,MIDDLE EAST,JORDAN,JORDAN   5
1101,MIDDLE EAST,IRAN,IRAN     6
1102,MIDDLE EAST,IRAN,IRAN     1
1103,ASIA,JAPAN,JAPAN    3
1104,EUROPE,ROMANIA,ROMANIA  4
1105,AFRICA,MOZAMBIQUE,MOZAMBIQU7
1106,ASIA,CHINA,CHINA    8
1107,AMERICA,PERU,PERU     3
1108,EUROPE,GERMANY,GERMANY  8
1109,EUROPE,GERMANY,GERMANY  7
1110,AMERICA,ARGENTINA,ARGENTINA9
1111,MIDDLE EAST,JORDAN,JORDAN   9
1112,EUROPE,UNITED KINGDOM,UNITED KI6
1113,AFRICA,MOROCCO,MOROCCO  1
1114,AFRICA,ETHIOPIA,ETHIOPIA 5
1115,EUROPE,UNITED KINGDOM,UNITED KI3
1116,MIDDLE EAST,EGYPT,EGYPT    6
1117,ASIA,CHINA,CHINA    9
1118,EUROPE,GERMANY,GERMANY  0
1119,MIDDLE EAST,IRAQ,IRAQ     8
1120,MIDDLE EAST,SAUDI ARABIA,SAUDI ARA4
1121,EUROPE,RUSSIA,RUSSIA   2
1122,MIDDLE EAST,SAUDI ARABIA,SAUDI ARA0
1123,AMERICA,CANADA,CANADA   8
1124,AMERICA,ARGENTINA,ARGENTINA8
1125,AFRICA,MOZAMBIQUE,MOZAMBIQU9
1126,ASIA,JAPAN,JAPAN    3
1127,MIDDLE EAST,IRAQ,IRAQ     1
1128,MIDDLE EAST,IRAN,IRAN     1
1129,MIDDLE EAST,IRAQ,IRAQ     0
1130,EUROPE,RUSSIA,RUSSIA   1
1131,AMERICA,PERU,PERU     8
1132,AFRICA,ETHIOPIA,ETHIOPIA 1
1133,EUROPE,UNITED KINGDOM,UNITED KI7
1134,MIDDLE EAST,EGYPT,EGYPT    1
1135,MIDDLE EAST,IRAQ,IRAQ     8
1136,AMERICA,ARGENTINA,ARGENTINA0
1137,ASIA,CHINA,CHINA    8
1138,ASIA,CHINA,CHINA    3
1139,ASIA,JAPAN,JAPAN    8
1140,EUROPE,UNITED KINGDOM,UNITED KI1
1141,AMERICA,CANADA,CANADA   6
1142,AMERICA,UNITED STATES,UNITED ST3
1143,AFRICA,ALGERIA,ALGERIA  3
1144,EUROPE,FRANCE,FRANCE   8
1145,ASIA,CHINA,CHINA    1
1146,AFRICA,ALGERIA,ALGERIA  1
1147,MIDDLE EAST,IRAQ,IRAQ     4
1148,EUROPE,RUSSIA,RUSSIA   1
1149,ASIA,VIETNAM,VIETNAM  4
1150,AFRICA,MOROCCO,MOROCCO  9
1151,MIDDLE EAST,IRAN,IRAN     5
1152,MIDDLE EAST,SAUDI ARABIA,SAUDI ARA2
1153,EUROPE,GERMANY,GERMANY  3
1154,EUROPE,FRANCE,FRANCE   7
1155,MIDDLE EAST,EGYPT,EGYPT    2
1156,AFRICA,MOROCCO,MOROCCO  6
1157,AMERICA,PERU,PERU     7
1158,AFRICA,ALGERIA,ALGERIA  2
1159,ASIA,INDONESIA,INDONESIA0
1160,ASIA,JAPAN,JAPAN    7
1161,MIDDLE EAST,SAUDI ARABIA,SAUDI ARA9
1162,MIDDLE EAST,IRAQ,IRAQ     3
1163,AFRICA,MOZAMBIQUE,MOZAMBIQU3
1164,AFRICA,ETHIOPIA,ETHIOPIA 3
1165,AFRICA,MOZAMBIQUE,MOZAMBIQU3
1166,EUROPE,UNITED KINGDOM,UNITED KI2
1167,MIDDLE EAST,IRAQ,IRAQ     5
1168,ASIA,CHINA,CHINA    4
1169,AMERICA,PERU,PERU     2
1170,AFRICA,KENYA,KENYA    9
1171,MIDDLE EAST,IRAN,IRAN     9
1172,AMERICA,PERU,PERU     9
1173,AFRICA,MOZAMBIQUE,MOZAMBIQU6
1174,MIDDLE EAST,EGYPT,EGYPT    0
1175,AMERICA,BRAZIL,BRAZIL   6
1176,EUROPE,RUSSIA,RUSSIA   9
1177,ASIA,INDIA,INDIA    2
1178,AFRICA,MOROCCO,MOROCCO  9
1179,ASIA,CHINA,CHINA    3
1180,AFRICA,ALGERIA,ALGERIA  4
1181,ASIA,INDONESIA,INDONESIA2
1182,ASIA,JAPAN,JAPAN    0
1183,AMERICA,BRAZIL,BRAZIL   8
1184,MIDDLE EAST,IRAQ,IRAQ     9
1185,EUROPE,UNITED KINGDOM,UNITED KI1
1186,AMERICA,ARGENTINA,ARGENTINA2
1187,AMERICA,PERU,PERU     8
1188,AFRICA,KENYA,KENYA    3
1189,EUROPE,GERMANY,GERMANY  6
1190,MIDDLE EAST,IRAQ,IRAQ     5
1191,AFRICA,ALGERIA,ALGERIA  0
1192,EUROPE,ROMANIA,ROMANIA  3
1193,MIDDLE EAST,IRAQ,IRAQ     1
1194,AFRICA,MOZAMBIQUE,MOZAMBIQU7
1195,AFRICA,MOZAMBIQUE,MOZAMBIQU9
1196,AMERICA,PERU,PERU     4
1197,MIDDLE EAST,JORDAN,JORDAN   7
1198,EUROPE,FRANCE,FRANCE   4
1199,ASIA,INDONESIA,INDONESIA3
1200,EUROPE,ROMANIA,ROMANIA  1
1201,ASIA,VIETNAM,VIETNAM  7
1202,AMERICA,BRAZIL,BRAZIL   2
1203,AFRICA,ALGERIA,ALGERIA  8
1204,AFRICA,KENYA,KENYA    2
1205,MIDDLE EAST,IRAQ,IRAQ     2
1206,AFRICA,ALGERIA,ALGERIA  4
1207,AMERICA,PERU,PERU     4
1208,EUROPE,FRANCE,FRANCE   7
1209,ASIA,JAPAN,JAPAN    6
1210,ASIA,INDONESIA,INDONESIA1
1211,AFRICA,MOROCCO,MOROCCO  1
1212,AMERICA,UNITED STATES,UNITED ST3
1213,AMERICA,ARGENTINA,ARGENTINA6
1214,MIDDLE EAST,JORDAN,JORDAN   6
1215,EUROPE,UNITED KINGDOM,UNITED KI1
1216,AFRICA,KENYA,KENYA    7
1217,MIDDLE EAST,JORDAN,JORDAN   1
1218,ASIA,JAPAN,JAPAN    0
1219,MIDDLE EAST,IRAQ,IRAQ     8
1220,AFRICA,MOZAMBIQUE,MOZAMBIQU7
1221,ASIA,CHINA,CHINA    8
1222,MIDDLE EAST,EGYPT,EGYPT    4
1223,EUROPE,FRANCE,FRANCE   1
1224,AMERICA,ARGENTINA,ARGENTINA1
1225,AFRICA,MOZAMBIQUE,MOZAMBIQU9
1226,EUROPE,GERMANY,GERMANY  9
1227,EUROPE,UNITED KINGDOM,UNITED KI1
1228,MIDDLE EAST,IRAN,IRAN     7
1229,EUROPE,UNITED KINGDOM,UNITED KI7
1230,AFRICA,ETHIOPIA,ETHIOPIA 4
1231,AMERICA,PERU,PERU     7
1232,MIDDLE EAST,IRAN,IRAN     0
1233,MIDDLE EAST,IRAN,IRAN     4
1234,ASIA,VIETNAM,VIETNAM  2
1235,MIDDLE EAST,JORDAN,JORDAN   0
1236,MIDDLE EAST,IRAN,IRAN     3
1237,AFRICA,ETHIOPIA,ETHIOPIA 5
1238,ASIA,CHINA,CHINA    4
1239,EUROPE,FRANCE,FRANCE   2
1240,MIDDLE EAST,JORDAN,JORDAN   4
1241,ASIA,INDIA,INDIA    3
1242,ASIA,INDONESIA,INDONESIA5
1243,AFRICA,MOROCCO,MOROCCO  6
1244,EUROPE,ROMANIA,ROMANIA  5
1245,AMERICA,CANADA,CANADA   9
1246,AFRICA,MOROCCO,MOROCCO  7
1247,AFRICA,ALGERIA,ALGERIA  8
1248,MIDDLE EAST,EGYPT,EGYPT    3
1249,ASIA,CHINA,CHINA    8
1250,AFRICA,ETHIOPIA,ETHIOPIA 2
1251,MIDDLE EAST,SAUDI ARABIA,SAUDI ARA6
1252,ASIA,CHINA,CHINA    6
1253,AFRICA,ALGERIA,ALGERIA  1
1254,AFRICA,MOZAMBIQUE,MOZAMBIQU9
1255,AFRICA,KENYA,KENYA    8
1256,MIDDLE EAST,EGYPT,EGYPT    9
1257,MIDDLE EAST,JORDAN,JORDAN   0
1258,ASIA,INDONESIA,INDONESIA3
1259,MIDDLE EAST,IRAQ,IRAQ     4
1260,ASIA,INDONESIA,INDONESIA3
1261,AMERICA,PERU,PERU     2
1262,MIDDLE EAST,EGYPT,EGYPT    8
1263,AMERICA,CANADA,CANADA   5
1264,MIDDLE EAST,IRAN,IRAN     4
1265,MIDDLE EAST,IRAQ,IRAQ     7
1266,MIDDLE EAST,IRAN,IRAN     3
1267,AMERICA,PERU,PERU     4
1268,AMERICA,BRAZIL,BRAZIL   3
1269,MIDDLE EAST,EGYPT,EGYPT    9
1270,AMERICA,ARGENTINA,ARGENTINA0
1271,ASIA,JAPAN,JAPAN    2
1272,EUROPE,GERMANY,GERMANY  8
1273,MIDDLE EAST,IRAN,IRAN     2
1274,MIDDLE EAST,SAUDI ARABIA,SAUDI ARA5
1275,MIDDLE EAST,IRAQ,IRAQ     1
1276,EUROPE,GERMANY,GERMANY  8
1277,AFRICA,ALGERIA,ALGERIA  7
1278,ASIA,INDIA,INDIA    6
1279,MIDDLE EAST,IRAN,IRAN     9
1280,AMERICA,ARGENTINA,ARGENTINA1
1281,EUROPE,UNITED KINGDOM,UNITED KI3
1282,AMERICA,BRAZIL,BRAZIL   9
1283,ASIA,VIETNAM,VIETNAM  7
1284,AFRICA,MOZAMBIQUE,MOZAMBIQU1
1285,EUROPE,FRANCE,FRANCE   2
1286,EUROPE,GERMANY,GERMANY  8
1287,AFRICA,ALGERIA,ALGERIA  0
1288,EUROPE,FRANCE,FRANCE   1
1289,ASIA,INDIA,INDIA    7
1290,EUROPE,FRANCE,FRANCE   3
1291,AMERICA,BRAZIL,BRAZIL   8
1292,MIDDLE EAST,JORDAN,JORDAN   4
1293,MIDDLE EAST,IRAN,IRAN     9
1294,AFRICA,MOROCCO,MOROCCO  3
1295,MIDDLE EAST,EGYPT,EGYPT    4
1296,EUROPE,GERMANY,GERMANY  1
1297,AFRICA,KENYA,KENYA    5
1298,AFRICA,MOZAMBIQUE,MOZAMBIQU0
1299,AFRICA,KENYA,KENYA    7
1300,EUROPE,UNITED KINGDOM,UNITED KI2
1301,ASIA,VIETNAM,VIETNAM  8
1302,MIDDLE EAST,JORDAN,JORDAN   1
1303,ASIA,JAPAN,JAPAN    3
1304,AFRICA,ETHIOPIA,ETHIOPIA 6
1305,MIDDLE EAST,EGYPT,EGYPT    8
1306,AMERICA,BRAZIL,BRAZIL   6
1307,AMERICA,PERU,PERU     0
1308,ASIA,INDIA,INDIA    3
1309,ASIA,VIETNAM,VIETNAM  6
1310,AMERICA,UNITED STATES,UNITED ST9
1311,AFRICA,ALGERIA,ALGERIA  6
1312,EUROPE,ROMANIA,ROMANIA  3
1313,ASIA,JAPAN,JAPAN    2
1314,AFRICA,MOROCCO,MOROCCO  1
1315,MIDDLE EAST,JORDAN,JORDAN   7
1316,ASIA,INDONESIA,INDONESIA7
1317,EUROPE,UNITED KINGDOM,UNITED KI7
1318,ASIA,VIETNAM,VIETNAM  2
1319,AFRICA,MOZAMBIQUE,MOZAMBIQU3
1320,ASIA,INDIA,INDIA    2
1321,EUROPE,RUSSIA,RUSSIA   3
1322,AFRICA,ETHIOPIA,ETHIOPIA 1
1323,EUROPE,GERMANY,GERMANY  2
1324,AMERICA,BRAZIL,BRAZIL   6
1325,AFRICA,KENYA,KENYA    8
1326,AFRICA,ALGERIA,ALGERIA  8
1327,EUROPE,GERMANY,GERMANY  0
1328,ASIA,INDIA,INDIA    4
1329,AMERICA,UNITED STATES,UNITED ST7
1330,MIDDLE EAST,IRAQ,IRAQ     7
1331,EUROPE,FRANCE,FRANCE   6
1332,AFRICA,MOZAMBIQUE,MOZAMBIQU8
1333,EUROPE,GERMANY,GERMANY  8
1334,AFRICA,MOROCCO,MOROCCO  4
1335,MIDDLE EAST,IRAQ,IRAQ     0
1336,MIDDLE EAST,SAUDI ARABIA,SAUDI ARA7
1337,MIDDLE EAST,SAUDI ARABIA,SAUDI ARA9
1338,ASIA,INDONESIA,INDONESIA4
1339,AMERICA,UNITED STATES,UNITED ST3
1340,ASIA,INDIA,INDIA    6
1341,EUROPE,RUSSIA,RUSSIA   3
1342,AFRICA,ALGERIA,ALGERIA  3
1343,AMERICA,UNITED STATES,UNITED ST9
1344,ASIA,VIETNAM,VIETNAM  6
1345,ASIA,JAPAN,JAPAN    5
1346,ASIA,JAPAN,JAPAN    4
1347,MIDDLE EAST,SAUDI ARABIA,SAUDI ARA7
1348,MIDDLE EAST,IRAN,IRAN     6
1349,EUROPE,RUSSIA,RUSSIA   5
1350,MIDDLE EAST,JORDAN,JORDAN   6
1351,ASIA,VIETNAM,VIETNAM  7
1352,ASIA,INDIA,INDIA    0
1353,MIDDLE EAST,SAUDI ARABIA,SAUDI ARA4
1354,AFRICA,ETHIOPIA,ETHIOPIA 5
1355,AMERICA,BRAZIL,BRAZIL   1
1356,MIDDLE EAST,SAUDI ARABIA,SAUDI ARA8
1357,AMERICA,UNITED STATES,UNITED ST9
1358,AFRICA,MOZAMBIQUE,MOZAMBIQU8
1359,MIDDLE EAST,JORDAN,JORDAN   9
1360,AMERICA,ARGENTINA,ARGENTINA6
1361,AFRICA,MOROCCO,MOROCCO  5
1362,AFRICA,ALGERIA,ALGERIA  0
1363,AFRICA,ALGERIA,ALGERIA  5
1364,AFRICA,KENYA,KENYA    7
1365,MIDDLE EAST,IRAQ,IRAQ     4
1366,EUROPE,UNITED KINGDOM,UNITED KI2
1367,AMERICA,CANADA,CANADA   0
1368,ASIA,VIETNAM,VIETNAM  0
1369,AFRICA,KENYA,KENYA    1
1370,EUROPE,RUSSIA,RUSSIA   9
1371,AMERICA,PERU,PERU     0
1372,EUROPE,RUSSIA,RUSSIA   8
1373,EUROPE,GERMANY,GERMANY  1
1374,MIDDLE EAST,EGYPT,EGYPT    6
1375,ASIA,CHINA,CHINA    6
1376,EUROPE,FRANCE,FRANCE   8
1377,ASIA,INDIA,INDIA    6
1378,ASIA,CHINA,CHINA    8
1379,MIDDLE EAST,EGYPT,EGYPT    5
1380,AMERICA,PERU,PERU     4
1381,AMERICA,UNITED STATES,UNITED ST7
1382,AMERICA,UNITED STATES,UNITED ST2
1383,EUROPE,FRANCE,FRANCE   1
1384,EUROPE,FRANCE,FRANCE   9
1385,MIDDLE EAST,JORDAN,JORDAN   6
1386,AFRICA,ETHIOPIA,ETHIOPIA 7
1387,MIDDLE EAST,JORDAN,JORDAN   9
1388,AFRICA,MOROCCO,MOROCCO  4
1389,AMERICA,UNITED STATES,UNITED ST5
1390,MIDDLE EAST,SAUDI ARABIA,SAUDI ARA8
1391,ASIA,VIETNAM,VIETNAM  7
1392,MIDDLE EAST,IRAN,IRAN     5
1393,MIDDLE EAST,SAUDI ARABIA,SAUDI ARA5
1394,EUROPE,UNITED KINGDOM,UNITED KI8
1395,ASIA,INDIA,INDIA    1
1396,MIDDLE EAST,JORDAN,JORDAN   1
1397,MIDDLE EAST,IRAQ,IRAQ     3
1398,EUROPE,FRANCE,FRANCE   9
1399,AMERICA,CANADA,CANADA   6
1400,EUROPE,GERMANY,GERMANY  6
1401,EUROPE,UNITED KINGDOM,UNITED KI7
1402,AMERICA,ARGENTINA,ARGENTINA0
1403,ASIA,INDIA,INDIA    2
1404,AFRICA,ALGERIA,ALGERIA  1
1405,MIDDLE EAST,EGYPT,EGYPT    3
1406,ASIA,INDIA,INDIA    7
1407,AFRICA,ALGERIA,ALGERIA  3
1408,AFRICA,MOZAMBIQUE,MOZAMBIQU7
1409,MIDDLE EAST,IRAQ,IRAQ     0
1410,ASIA,INDONESIA,INDONESIA3
1411,AFRICA,KENYA,KENYA    7
1412,AMERICA,BRAZIL,BRAZIL   6
1413,AMERICA,UNITED STATES,UNITED ST8
1414,ASIA,INDIA,INDIA    1
1415,AFRICA,MOZAMBIQUE,MOZAMBIQU5
1416,MIDDLE EAST,JORDAN,JORDAN   8
1417,MIDDLE EAST,EGYPT,EGYPT    3
1418,AFRICA,ALGERIA,ALGERIA  3
1419,EUROPE,RUSSIA,RUSSIA   3
1420,AFRICA,MOZAMBIQUE,MOZAMBIQU3
1421,AMERICA,UNITED STATES,UNITED ST7
1422,AFRICA,ALGERIA,ALGERIA  5
1423,AMERICA,BRAZIL,BRAZIL   9
1424,MIDDLE EAST,IRAN,IRAN     3
1425,AMERICA,BRAZIL,BRAZIL   5
1426,AMERICA,CANADA,CANADA   8
1427,ASIA,VIETNAM,VIETNAM  5
1428,EUROPE,GERMANY,GERMANY  5
1429,ASIA,VIETNAM,VIETNAM  9
1430,ASIA,JAPAN,JAPAN    1
1431,ASIA,INDONESIA,INDONESIA1
1432,ASIA,VIETNAM,VIETNAM  5
1433,AMERICA,BRAZIL,BRAZIL   7
1434,MIDDLE EAST,EGYPT,EGYPT    6
1435,MIDDLE EAST,SAUDI ARABIA,SAUDI ARA1
1436,EUROPE,GERMANY,GERMANY  2
1437,ASIA,INDIA,INDIA    6
1438,ASIA,JAPAN,JAPAN    4
1439,MIDDLE EAST,SAUDI ARABIA,SAUDI ARA7
1440,AFRICA,MOZAMBIQUE,MOZAMBIQU8
1441,MIDDLE EAST,IRAN,IRAN     7
1442,MIDDLE EAST,EGYPT,EGYPT    7
1443,AFRICA,MOROCCO,MOROCCO  8
1444,ASIA,JAPAN,JAPAN    1
1445,MIDDLE EAST,IRAN,IRAN     9
1446,AMERICA,CANADA,CANADA   6
1447,AMERICA,CANADA,CANADA   3
1448,ASIA,VIETNAM,VIETNAM  7
1449,MIDDLE EAST,IRAQ,IRAQ     0
1450,AFRICA,ETHIOPIA,ETHIOPIA 9
1451,AFRICA,MOZAMBIQUE,MOZAMBIQU9
1452,MIDDLE EAST,SAUDI ARABIA,SAUDI ARA7
1453,ASIA,INDIA,INDIA    0
1454,AMERICA,CANADA,CANADA   3
1455,ASIA,JAPAN,JAPAN    1
1456,MIDDLE EAST,SAUDI ARABIA,SAUDI ARA7
1457,ASIA,INDONESIA,INDONESIA3
1458,AMERICA,UNITED STATES,UNITED ST4
1459,AMERICA,UNITED STATES,UNITED ST7
1460,ASIA,INDIA,INDIA    5
1461,ASIA,JAPAN,JAPAN    8
1462,EUROPE,FRANCE,FRANCE   0
1463,AFRICA,ETHIOPIA,ETHIOPIA 2
1464,ASIA,INDIA,INDIA    1
1465,AFRICA,KENYA,KENYA    8
1466,ASIA,CHINA,CHINA    0
1467,AMERICA,PERU,PERU     4
1468,EUROPE,UNITED KINGDOM,UNITED KI0
1469,AFRICA,MOZAMBIQUE,MOZAMBIQU1
1470,MIDDLE EAST,EGYPT,EGYPT    6
1471,AMERICA,BRAZIL,BRAZIL   2
1472,EUROPE,FRANCE,FRANCE   8
1473,MIDDLE EAST,EGYPT,EGYPT    4
1474,AMERICA,BRAZIL,BRAZIL   0
1475,AMERICA,PERU,PERU     3
1476,ASIA,VIETNAM,VIETNAM  3
1477,AMERICA,BRAZIL,BRAZIL   3
1478,AMERICA,PERU,PERU     4
1479,ASIA,JAPAN,JAPAN    0
1480,EUROPE,UNITED KINGDOM,UNITED KI7
1481,ASIA,VIETNAM,VIETNAM  9
1482,EUROPE,UNITED KINGDOM,UNITED KI7
1483,ASIA,INDIA,INDIA    8
1484,AFRICA,MOZAMBIQUE,MOZAMBIQU7
1485,MIDDLE EAST,EGYPT,EGYPT    0
1486,EUROPE,ROMANIA,ROMANIA  6
1487,ASIA,CHINA,CHINA    6
1488,EUROPE,UNITED KINGDOM,UNITED KI5
1489,AFRICA,MOROCCO,MOROCCO  5
1490,AMERICA,BRAZIL,BRAZIL   2
1491,ASIA,VIETNAM,VIETNAM  3
1492,AMERICA,UNITED STATES,UNITED ST0
1493,AFRICA,ALGERIA,ALGERIA  1
1494,EUROPE,GERMANY,GERMANY  8
1495,ASIA,INDONESIA,INDONESIA1
1496,AFRICA,ALGERIA,ALGERIA  6
1497,ASIA,CHINA,CHINA    4
1498,MIDDLE EAST,SAUDI ARABIA,SAUDI ARA8
1499,ASIA,JAPAN,JAPAN    3
1500,AMERICA,CANADA,CANADA   0
1501,AMERICA,CANADA,CANADA   9
1502,AMERICA,BRAZIL,BRAZIL   6
1503,AMERICA,UNITED STATES,UNITED ST1
1504,AMERICA,UNITED STATES,UNITED ST1
1505,ASIA,CHINA,CHINA    0
1506,EUROPE,ROMANIA,ROMANIA  0
1507,ASIA,INDIA,INDIA    4
1508,EUROPE,FRANCE,FRANCE   2
1509,AMERICA,ARGENTINA,ARGENTINA6
1510,AFRICA,KENYA,KENYA    3
1511,MIDDLE EAST,SAUDI ARABIA,SAUDI ARA7
1512,EUROPE,UNITED KINGDOM,UNITED KI6
1513,MIDDLE EAST,EGYPT,EGYPT    7
1514,ASIA,INDIA,INDIA    0
1515,ASIA,CHINA,CHINA    0
1516,ASIA,INDIA,INDIA    6
1517,ASIA,INDONESIA,INDONESIA4
1518,EUROPE,UNITED KINGDOM,UNITED KI8
1519,AFRICA,MOZAMBIQUE,MOZAMBIQU1
1520,EUROPE,ROMANIA,ROMANIA  6
1521,AMERICA,BRAZIL,BRAZIL   7
1522,AMERICA,UNITED STATES,UNITED ST3
1523,MIDDLE EAST,IRAN,IRAN     7
1524,ASIA,JAPAN,JAPAN    0
1525,ASIA,INDONESIA,INDONESIA3
1526,EUROPE,RUSSIA,RUSSIA   8
1527,ASIA,VIETNAM,VIETNAM  4
1528,AMERICA,CANADA,CANADA   6
1529,AFRICA,MOZAMBIQUE,MOZAMBIQU0
1530,ASIA,INDIA,INDIA    1
1531,AFRICA,ETHIOPIA,ETHIOPIA 5
1532,ASIA,JAPAN,JAPAN    1
1533,AMERICA,ARGENTINA,ARGENTINA5
1534,MIDDLE EAST,SAUDI ARABIA,SAUDI ARA5
1535,MIDDLE EAST,EGYPT,EGYPT    8
1536,MIDDLE EAST,IRAN,IRAN     4
1537,EUROPE,UNITED KINGDOM,UNITED KI2
1538,AFRICA,ETHIOPIA,ETHIOPIA 9
1539,ASIA,JAPAN,JAPAN    8
1540,MIDDLE EAST,IRAQ,IRAQ     1
1541,EUROPE,FRANCE,FRANCE   9
1542,ASIA,INDONESIA,INDONESIA4
1543,MIDDLE EAST,EGYPT,EGYPT    9
1544,AMERICA,ARGENTINA,ARGENTINA1
1545,MIDDLE EAST,JORDAN,JORDAN   4
1546,MIDDLE EAST,EGYPT,EGYPT    6
1547,AFRICA,ALGERIA,ALGERIA  3
1548,MIDDLE EAST,IRAN,IRAN     6
1549,AFRICA,ALGERIA,ALGERIA  4
1550,AFRICA,ETHIOPIA,ETHIOPIA 3
1551,EUROPE,RUSSIA,RUSSIA   8
1552,MIDDLE EAST,IRAN,IRAN     8
1553,AFRICA,KENYA,KENYA    6
1554,ASIA,JAPAN,JAPAN    5
1555,ASIA,INDONESIA,INDONESIA3
1556,ASIA,INDIA,INDIA    1
1557,ASIA,CHINA,CHINA    1
1558,AFRICA,MOZAMBIQUE,MOZAMBIQU2
1559,EUROPE,GERMANY,GERMANY  4
1560,EUROPE,ROMANIA,ROMANIA  9
1561,MIDDLE EAST,IRAQ,IRAQ     8
1562,AFRICA,KENYA,KENYA    4
1563,EUROPE,GERMANY,GERMANY  5
1564,ASIA,INDONESIA,INDONESIA6
1565,MIDDLE EAST,IRAQ,IRAQ     5
1566,AMERICA,UNITED STATES,UNITED ST6
1567,AFRICA,MOZAMBIQUE,MOZAMBIQU9
1568,ASIA,JAPAN,JAPAN    4
1569,ASIA,VIETNAM,VIETNAM  3
1570,ASIA,JAPAN,JAPAN    2
1571,EUROPE,UNITED KINGDOM,UNITED KI4
1572,MIDDLE EAST,SAUDI ARABIA,SAUDI ARA2
1573,AMERICA,ARGENTINA,ARGENTINA9
1574,MIDDLE EAST,JORDAN,JORDAN   4
1575,MIDDLE EAST,JORDAN,JORDAN   3
1576,EUROPE,FRANCE,FRANCE   0
1577,MIDDLE EAST,IRAN,IRAN     7
1578,AMERICA,UNITED STATES,UNITED ST4
1579,EUROPE,RUSSIA,RUSSIA   6
1580,AFRICA,ETHIOPIA,ETHIOPIA 3
1581,MIDDLE EAST,JORDAN,JORDAN   0
1582,AMERICA,BRAZIL,BRAZIL   6
1583,AFRICA,KENYA,KENYA    0
1584,ASIA,VIETNAM,VIETNAM  5
1585,ASIA,INDONESIA,INDONESIA8
1586,ASIA,CHINA,CHINA    6
1587,AMERICA,UNITED STATES,UNITED ST4
1588,EUROPE,FRANCE,FRANCE   1
1589,AMERICA,PERU,PERU     6
1590,MIDDLE EAST,IRAQ,IRAQ     4
1591,EUROPE,RUSSIA,RUSSIA   6
1592,AFRICA,ALGERIA,ALGERIA  6
1593,AFRICA,ETHIOPIA,ETHIOPIA 2
1594,EUROPE,UNITED KINGDOM,UNITED KI9
1595,MIDDLE EAST,SAUDI ARABIA,SAUDI ARA0
1596,AMERICA,ARGENTINA,ARGENTINA4
1597,AFRICA,ALGERIA,ALGERIA  3
1598,ASIA,INDIA,INDIA    2
1599,MIDDLE EAST,IRAQ,IRAQ     4
1600,AMERICA,CANADA,CANADA   3
1601,MIDDLE EAST,SAUDI ARABIA,SAUDI ARA5
1602,AMERICA,CANADA,CANADA   7
1603,AFRICA,ALGERIA,ALGERIA  3
1604,EUROPE,FRANCE,FRANCE   1
1605,MIDDLE EAST,JORDAN,JORDAN   7
1606,AMERICA,UNITED STATES,UNITED ST1
1607,ASIA,VIETNAM,VIETNAM  7
1608,AMERICA,BRAZIL,BRAZIL   0
1609,ASIA,INDONESIA,INDONESIA9
1610,ASIA,CHINA,CHINA    7
1611,AFRICA,ALGERIA,ALGERIA  8
1612,AMERICA,BRAZIL,BRAZIL   2
1613,ASIA,INDIA,INDIA    4
1614,ASIA,JAPAN,JAPAN    3
1615,MIDDLE EAST,SAUDI ARABIA,SAUDI ARA6
1616,AFRICA,KENYA,KENYA    1
1617,EUROPE,FRANCE,FRANCE   8
1618,AMERICA,PERU,PERU     9
1619,EUROPE,UNITED KINGDOM,UNITED KI3
1620,AMERICA,UNITED STATES,UNITED ST1
1621,EUROPE,GERMANY,GERMANY  7
1622,MIDDLE EAST,IRAN,IRAN     4
1623,ASIA,INDONESIA,INDONESIA9
1624,AMERICA,CANADA,CANADA   3
1625,MIDDLE EAST,IRAQ,IRAQ     5
1626,AMERICA,CANADA,CANADA   5
1627,AFRICA,ETHIOPIA,ETHIOPIA 1
1628,AFRICA,KENYA,KENYA    7
1629,EUROPE,GERMANY,GERMANY  9
1630,MIDDLE EAST,IRAN,IRAN     5
1631,ASIA,JAPAN,JAPAN    7
1632,AFRICA,KENYA,KENYA    1
1633,ASIA,INDONESIA,INDONESIA8
1634,MIDDLE EAST,IRAN,IRAN     3
1635,MIDDLE EAST,IRAQ,IRAQ     1
1636,MIDDLE EAST,IRAN,IRAN     1
1637,ASIA,VIETNAM,VIETNAM  3
1638,ASIA,JAPAN,JAPAN    8
1639,AFRICA,MOROCCO,MOROCCO  1
1640,MIDDLE EAST,JORDAN,JORDAN   8
1641,AMERICA,PERU,PERU     3
1642,AFRICA,KENYA,KENYA    6
1643,AFRICA,MOROCCO,MOROCCO  6
1644,EUROPE,ROMANIA,ROMANIA  5
1645,MIDDLE EAST,JORDAN,JORDAN   6
1646,EUROPE,UNITED KINGDOM,UNITED KI1
1647,AMERICA,ARGENTINA,ARGENTINA1
1648,MIDDLE EAST,IRAQ,IRAQ     8
1649,ASIA,INDONESIA,INDONESIA4
1650,ASIA,CHINA,CHINA    9
1651,ASIA,VIETNAM,VIETNAM  7
1652,MIDDLE EAST,IRAN,IRAN     6
1653,AMERICA,PERU,PERU     3
1654,AMERICA,BRAZIL,BRAZIL   2
1655,AFRICA,ETHIOPIA,ETHIOPIA 0
1656,EUROPE,FRANCE,FRANCE   6
1657,AFRICA,MOZAMBIQUE,MOZAMBIQU8
1658,EUROPE,GERMANY,GERMANY  0
1659,MIDDLE EAST,IRAQ,IRAQ     1
1660,AMERICA,ARGENTINA,ARGENTINA0
1661,ASIA,JAPAN,JAPAN    1
1662,AMERICA,BRAZIL,BRAZIL   5
1663,MIDDLE EAST,JORDAN,JORDAN   9
1664,EUROPE,GERMANY,GERMANY  4
1665,MIDDLE EAST,SAUDI ARABIA,SAUDI ARA9
1666,EUROPE,RUSSIA,RUSSIA   9
1667,EUROPE,RUSSIA,RUSSIA   2
1668,AFRICA,ETHIOPIA,ETHIOPIA 3
1669,AFRICA,MOZAMBIQUE,MOZAMBIQU2
1670,AFRICA,KENYA,KENYA    8
1671,EUROPE,UNITED KINGDOM,UNITED KI1
1672,EUROPE,GERMANY,GERMANY  5
1673,MIDDLE EAST,EGYPT,EGYPT    5
1674,ASIA,CHINA,CHINA    4
1675,EUROPE,UNITED KINGDOM,UNITED KI5
1676,ASIA,CHINA,CHINA    0
1677,MIDDLE EAST,IRAN,IRAN     2
1678,AFRICA,MOZAMBIQUE,MOZAMBIQU1
1679,MIDDLE EAST,IRAQ,IRAQ     7
1680,AMERICA,UNITED STATES,UNITED ST0
1681,ASIA,JAPAN,JAPAN    7
1682,AMERICA,CANADA,CANADA   8
1683,AMERICA,BRAZIL,BRAZIL   2
1684,ASIA,JAPAN,JAPAN    2
1685,AFRICA,MOZAMBIQUE,MOZAMBIQU4
1686,ASIA,CHINA,CHINA    0
1687,MIDDLE EAST,IRAQ,IRAQ     7
1688,ASIA,INDONESIA,INDONESIA4
1689,AFRICA,ALGERIA,ALGERIA  0
1690,AMERICA,BRAZIL,BRAZIL   6
1691,AMERICA,BRAZIL,BRAZIL   0
1692,AFRICA,ALGERIA,ALGERIA  5
1693,AMERICA,CANADA,CANADA   5
1694,ASIA,INDIA,INDIA    8
1695,MIDDLE EAST,JORDAN,JORDAN   1
1696,ASIA,INDONESIA,INDONESIA1
1697,MIDDLE EAST,IRAQ,IRAQ     8
1698,AFRICA,ALGERIA,ALGERIA  5
1699,AMERICA,CANADA,CANADA   2
1700,AMERICA,CANADA,CANADA   4
1701,AFRICA,MOROCCO,MOROCCO  6
1702,ASIA,INDONESIA,INDONESIA4
1703,MIDDLE EAST,EGYPT,EGYPT    3
1704,ASIA,CHINA,CHINA    6
1705,ASIA,JAPAN,JAPAN    9
1706,AFRICA,MOZAMBIQUE,MOZAMBIQU7
1707,AFRICA,KENYA,KENYA    8
1708,MIDDLE EAST,EGYPT,EGYPT    5
1709,AFRICA,MOROCCO,MOROCCO  1
1710,ASIA,VIETNAM,VIETNAM  6
1711,MIDDLE EAST,JORDAN,JORDAN   2
1712,ASIA,INDONESIA,INDONESIA6
1713,ASIA,JAPAN,JAPAN    9
1714,ASIA,INDONESIA,INDONESIA5
1715,MIDDLE EAST,IRAQ,IRAQ     2
1716,ASIA,VIETNAM,VIETNAM  9
1717,AFRICA,ALGERIA,ALGERIA  4
1718,ASIA,VIETNAM,VIETNAM  8
1719,EUROPE,GERMANY,GERMANY  6
1720,AFRICA,ALGERIA,ALGERIA  8
1721,EUROPE,UNITED KINGDOM,UNITED KI1
1722,AMERICA,CANADA,CANADA   9
1723,MIDDLE EAST,EGYPT,EGYPT    9
1724,MIDDLE EAST,SAUDI ARABIA,SAUDI ARA8
1725,EUROPE,UNITED KINGDOM,UNITED KI3
1726,AMERICA,CANADA,CANADA   6
1727,AFRICA,ETHIOPIA,ETHIOPIA 9
1728,EUROPE,GERMANY,GERMANY  3
1729,ASIA,CHINA,CHINA    8
1730,AMERICA,CANADA,CANADA   5
1731,EUROPE,GERMANY,GERMANY  5
1732,ASIA,CHINA,CHINA    3
1733,EUROPE,ROMANIA,ROMANIA  9
1734,AMERICA,ARGENTINA,ARGENTINA2
1735,ASIA,JAPAN,JAPAN    6
1736,ASIA,INDONESIA,INDONESIA1
1737,AFRICA,ETHIOPIA,ETHIOPIA 9
1738,AFRICA,MOROCCO,MOROCCO  9
1739,MIDDLE EAST,EGYPT,EGYPT    6
1740,EUROPE,GERMANY,GERMANY  9
1741,ASIA,JAPAN,JAPAN    6
1742,ASIA,VIETNAM,VIETNAM  9
1743,AMERICA,ARGENTINA,ARGENTINA6
1744,EUROPE,ROMANIA,ROMANIA  6
1745,MIDDLE EAST,EGYPT,EGYPT    5
1746,AMERICA,CANADA,CANADA   9
1747,MIDDLE EAST,EGYPT,EGYPT    3
1748,EUROPE,ROMANIA,ROMANIA  7
1749,EUROPE,FRANCE,FRANCE   4
1750,EUROPE,FRANCE,FRANCE   6
1751,EUROPE,UNITED KINGDOM,UNITED KI0
1752,AMERICA,CANADA,CANADA   1
1753,EUROPE,UNITED KINGDOM,UNITED KI5
1754,ASIA,INDIA,INDIA    2
1755,ASIA,VIETNAM,VIETNAM  3
1756,MIDDLE EAST,EGYPT,EGYPT    8
1757,MIDDLE EAST,EGYPT,EGYPT    1
1758,ASIA,JAPAN,JAPAN    5
1759,AFRICA,ETHIOPIA,ETHIOPIA 0
1760,EUROPE,RUSSIA,RUSSIA   2
1761,ASIA,INDONESIA,INDONESIA0
1762,MIDDLE EAST,IRAN,IRAN     1
1763,ASIA,CHINA,CHINA    0
1764,AMERICA,PERU,PERU     6
1765,EUROPE,ROMANIA,ROMANIA  7
1766,MIDDLE EAST,EGYPT,EGYPT    6
1767,AFRICA,MOZAMBIQUE,MOZAMBIQU8
1768,EUROPE,RUSSIA,RUSSIA   3
1769,MIDDLE EAST,JORDAN,JORDAN   9
1770,MIDDLE EAST,EGYPT,EGYPT    9
1771,AMERICA,ARGENTINA,ARGENTINA8
1772,AFRICA,KENYA,KENYA    4
1773,EUROPE,ROMANIA,ROMANIA  4
1774,MIDDLE EAST,EGYPT,EGYPT    1
1775,ASIA,JAPAN,JAPAN    3
1776,EUROPE,FRANCE,FRANCE   7
1777,ASIA,INDIA,INDIA    8
1778,EUROPE,ROMANIA,ROMANIA  7
1779,AMERICA,BRAZIL,BRAZIL   3
1780,AFRICA,ETHIOPIA,ETHIOPIA 6
1781,AFRICA,KENYA,KENYA    9
1782,AFRICA,KENYA,KENYA    8
1783,ASIA,CHINA,CHINA    9
1784,EUROPE,FRANCE,FRANCE   5
1785,ASIA,VIETNAM,VIETNAM  6
1786,ASIA,CHINA,CHINA    5
1787,AMERICA,UNITED STATES,UNITED ST2
1788,AFRICA,ALGERIA,ALGERIA  6
1789,MIDDLE EAST,SAUDI ARABIA,SAUDI ARA9
1790,AFRICA,MOROCCO,MOROCCO  5
1791,EUROPE,UNITED KINGDOM,UNITED KI9
1792,AFRICA,ETHIOPIA,ETHIOPIA 1
1793,AMERICA,UNITED STATES,UNITED ST3
1794,AFRICA,MOZAMBIQUE,MOZAMBIQU1
1795,ASIA,INDONESIA,INDONESIA4
1796,MIDDLE EAST,EGYPT,EGYPT    6
1797,AFRICA,MOROCCO,MOROCCO  3
1798,AFRICA,MOROCCO,MOROCCO  1
1799,ASIA,INDIA,INDIA    1
1800,AFRICA,ALGERIA,ALGERIA  0
1801,MIDDLE EAST,JORDAN,JORDAN   8
1802,MIDDLE EAST,JORDAN,JORDAN   1
1803,ASIA,INDIA,INDIA    7
1804,AFRICA,ALGERIA,ALGERIA  8
1805,EUROPE,ROMANIA,ROMANIA  3
1806,AMERICA,CANADA,CANADA   5
1807,MIDDLE EAST,IRAQ,IRAQ     6
1808,EUROPE,FRANCE,FRANCE   3
1809,MIDDLE EAST,SAUDI ARABIA,SAUDI ARA7
1810,AMERICA,ARGENTINA,ARGENTINA1
1811,AMERICA,ARGENTINA,ARGENTINA7
1812,AMERICA,BRAZIL,BRAZIL   8
1813,EUROPE,FRANCE,FRANCE   6
1814,AMERICA,UNITED STATES,UNITED ST5
1815,EUROPE,ROMANIA,ROMANIA  1
1816,EUROPE,FRANCE,FRANCE   0
1817,AFRICA,ETHIOPIA,ETHIOPIA 5
1818,EUROPE,GERMANY,GERMANY  9
1819,AFRICA,MOROCCO,MOROCCO  9
1820,AFRICA,ETHIOPIA,ETHIOPIA 9
1821,ASIA,VIETNAM,VIETNAM  7
1822,AFRICA,ALGERIA,ALGERIA  3
1823,AMERICA,ARGENTINA,ARGENTINA4
1824,MIDDLE EAST,JORDAN,JORDAN   0
1825,MIDDLE EAST,IRAQ,IRAQ     9
1826,AMERICA,UNITED STATES,UNITED ST0
1827,ASIA,INDONESIA,INDONESIA1
1828,AFRICA,MOROCCO,MOROCCO  6
1829,EUROPE,ROMANIA,ROMANIA  2
1830,ASIA,JAPAN,JAPAN    2
1831,AFRICA,KENYA,KENYA    5
1832,ASIA,JAPAN,JAPAN    3
1833,AFRICA,MOZAMBIQUE,MOZAMBIQU0
1834,EUROPE,ROMANIA,ROMANIA  6
1835,AFRICA,ALGERIA,ALGERIA  0
1836,AFRICA,ALGERIA,ALGERIA  4
1837,AMERICA,UNITED STATES,UNITED ST0
1838,AMERICA,UNITED STATES,UNITED ST4
1839,EUROPE,FRANCE,FRANCE   3
1840,ASIA,INDONESIA,INDONESIA4
1841,ASIA,INDONESIA,INDONESIA8
1842,AFRICA,MOZAMBIQUE,MOZAMBIQU8
1843,ASIA,CHINA,CHINA    8
1844,AMERICA,BRAZIL,BRAZIL   5
1845,EUROPE,FRANCE,FRANCE   4
1846,MIDDLE EAST,EGYPT,EGYPT    7
1847,AFRICA,ETHIOPIA,ETHIOPIA 8
1848,AFRICA,MOZAMBIQUE,MOZAMBIQU6
1849,AMERICA,PERU,PERU     5
1850,AFRICA,ETHIOPIA,ETHIOPIA 1
1851,AFRICA,MOROCCO,MOROCCO  6
1852,AMERICA,UNITED STATES,UNITED ST3
1853,AMERICA,BRAZIL,BRAZIL   9
1854,AMERICA,ARGENTINA,ARGENTINA9
1855,AMERICA,CANADA,CANADA   4
1856,AMERICA,CANADA,CANADA   4
1857,ASIA,JAPAN,JAPAN    9
1858,AFRICA,MOROCCO,MOROCCO  8
1859,AFRICA,ALGERIA,ALGERIA  0
1860,ASIA,CHINA,CHINA    0
1861,AFRICA,ETHIOPIA,ETHIOPIA 3
1862,ASIA,JAPAN,JAPAN    4
1863,AMERICA,PERU,PERU     6
1864,ASIA,CHINA,CHINA    6
1865,AMERICA,PERU,PERU     5
1866,EUROPE,FRANCE,FRANCE   4
1867,EUROPE,RUSSIA,RUSSIA   9
1868,AMERICA,BRAZIL,BRAZIL   6
1869,ASIA,VIETNAM,VIETNAM  7
1870,ASIA,JAPAN,JAPAN    1
1871,MIDDLE EAST,JORDAN,JORDAN   6
1872,EUROPE,RUSSIA,RUSSIA   9
1873,AMERICA,CANADA,CANADA   5
1874,AFRICA,MOZAMBIQUE,MOZAMBIQU0
1875,ASIA,JAPAN,JAPAN    5
1876,ASIA,CHINA,CHINA    4
1877,ASIA,INDIA,INDIA    7
1878,AFRICA,ALGERIA,ALGERIA  4
1879,MIDDLE EAST,JORDAN,JORDAN   5
1880,EUROPE,RUSSIA,RUSSIA   1
1881,ASIA,INDONESIA,INDONESIA2
1882,ASIA,VIETNAM,VIETNAM  6
1883,EUROPE,ROMANIA,ROMANIA  3
1884,AMERICA,ARGENTINA,ARGENTINA3
1885,AFRICA,MOZAMBIQUE,MOZAMBIQU2
1886,ASIA,JAPAN,JAPAN    7
1887,AFRICA,ALGERIA,ALGERIA  8
1888,EUROPE,ROMANIA,ROMANIA  0
1889,EUROPE,ROMANIA,ROMANIA  2
1890,ASIA,JAPAN,JAPAN    7
1891,AMERICA,UNITED STATES,UNITED ST9
1892,MIDDLE EAST,EGYPT,EGYPT    2
1893,AFRICA,KENYA,KENYA    4
1894,ASIA,INDIA,INDIA    4
1895,ASIA,VIETNAM,VIETNAM  9
1896,MIDDLE EAST,SAUDI ARABIA,SAUDI ARA1
1897,AMERICA,UNITED STATES,UNITED ST6
1898,ASIA,INDONESIA,INDONESIA5
1899,AFRICA,KENYA,KENYA    0
1900,EUROPE,UNITED KINGDOM,UNITED KI7
1901,AMERICA,UNITED STATES,UNITED ST6
1902,AMERICA,ARGENTINA,ARGENTINA1
1903,AMERICA,PERU,PERU     6
1904,EUROPE,GERMANY,GERMANY  3
1905,ASIA,INDIA,INDIA    3
1906,ASIA,INDIA,INDIA    1
1907,MIDDLE EAST,SAUDI ARABIA,SAUDI ARA8
1908,AFRICA,MOZAMBIQUE,MOZAMBIQU6
1909,ASIA,INDONESIA,INDONESIA0
1910,ASIA,VIETNAM,VIETNAM  8
1911,AMERICA,PERU,PERU     8
1912,AFRICA,MOROCCO,MOROCCO  7
1913,AFRICA,MOZAMBIQUE,MOZAMBIQU4
1914,MIDDLE EAST,JORDAN,JORDAN   4
1915,MIDDLE EAST,JORDAN,JORDAN   4
1916,MIDDLE EAST,SAUDI ARABIA,SAUDI ARA0
1917,AFRICA,MOZAMBIQUE,MOZAMBIQU4
1918,AMERICA,ARGENTINA,ARGENTINA6
1919,MIDDLE EAST,EGYPT,EGYPT    8
1920,AFRICA,ALGERIA,ALGERIA  3
1921,EUROPE,RUSSIA,RUSSIA   2
1922,AFRICA,MOZAMBIQUE,MOZAMBIQU1
1923,EUROPE,FRANCE,FRANCE   8
1924,MIDDLE EAST,EGYPT,EGYPT    7
1925,MIDDLE EAST,SAUDI ARABIA,SAUDI ARA6
1926,EUROPE,RUSSIA,RUSSIA   4
1927,EUROPE,GERMANY,GERMANY  8
1928,ASIA,CHINA,CHINA    3
1929,EUROPE,RUSSIA,RUSSIA   3
1930,ASIA,VIETNAM,VIETNAM  8
1931,AMERICA,CANADA,CANADA   3
1932,AFRICA,MOROCCO,MOROCCO  1
1933,EUROPE,RUSSIA,RUSSIA   8
1934,EUROPE,UNITED KINGDOM,UNITED KI3
1935,AFRICA,ETHIOPIA,ETHIOPIA 8
1936,AMERICA,ARGENTINA,ARGENTINA0
1937,ASIA,INDONESIA,INDONESIA0
1938,EUROPE,FRANCE,FRANCE   9
1939,AMERICA,CANADA,CANADA   0
1940,ASIA,VIETNAM,VIETNAM  5
1941,EUROPE,FRANCE,FRANCE   3
1942,MIDDLE EAST,EGYPT,EGYPT    4
1943,MIDDLE EAST,JORDAN,JORDAN   6
1944,MIDDLE EAST,SAUDI ARABIA,SAUDI ARA6
1945,AFRICA,MOZAMBIQUE,MOZAMBIQU3
1946,ASIA,INDONESIA,INDONESIA1
1947,EUROPE,FRANCE,FRANCE   5
1948,AMERICA,UNITED STATES,UNITED ST1
1949,MIDDLE EAST,IRAN,IRAN     2
1950,AMERICA,PERU,PERU     4
1951,MIDDLE EAST,SAUDI ARABIA,SAUDI ARA8
1952,MIDDLE EAST,JORDAN,JORDAN   9
1953,MIDDLE EAST,IRAN,IRAN     1
1954,AMERICA,UNITED STATES,UNITED ST8
1955,AMERICA,BRAZIL,BRAZIL   1
1956,MIDDLE EAST,EGYPT,EGYPT    9
1957,AMERICA,ARGENTINA,ARGENTINA9
1958,AMERICA,CANADA,CANADA   3
1959,AMERICA,PERU,PERU     0
1960,MIDDLE EAST,SAUDI ARABIA,SAUDI ARA0
1961,AMERICA,PERU,PERU     4
1962,EUROPE,RUSSIA,RUSSIA   8
1963,AFRICA,MOZAMBIQUE,MOZAMBIQU0
1964,AFRICA,KENYA,KENYA    4
1965,AMERICA,ARGENTINA,ARGENTINA3
1966,EUROPE,FRANCE,FRANCE   6
1967,EUROPE,GERMANY,GERMANY  3
1968,EUROPE,FRANCE,FRANCE   6
1969,AFRICA,ALGERIA,ALGERIA  6
1970,AFRICA,ETHIOPIA,ETHIOPIA 8
1971,AFRICA,KENYA,KENYA    4
1972,EUROPE,GERMANY,GERMANY  7
1973,AFRICA,ALGERIA,ALGERIA  0
1974,MIDDLE EAST,IRAN,IRAN     7
1975,AFRICA,ETHIOPIA,ETHIOPIA 4
1976,ASIA,CHINA,CHINA    6
1977,EUROPE,UNITED KINGDOM,UNITED KI5
1978,AFRICA,ETHIOPIA,ETHIOPIA 3
1979,ASIA,VIETNAM,VIETNAM  1
1980,AMERICA,PERU,PERU     9
1981,MIDDLE EAST,IRAN,IRAN     0
1982,AFRICA,KENYA,KENYA    0
1983,EUROPE,ROMANIA,ROMANIA  9
1984,AMERICA,UNITED STATES,UNITED ST3
1985,AMERICA,UNITED STATES,UNITED ST9
1986,ASIA,INDONESIA,INDONESIA2
1987,ASIA,JAPAN,JAPAN    3
1988,ASIA,INDIA,INDIA    6
1989,MIDDLE EAST,IRAN,IRAN     8
1990,AMERICA,CANADA,CANADA   1
1991,AMERICA,ARGENTINA,ARGENTINA1
1992,AFRICA,KENYA,KENYA    5
1993,AMERICA,BRAZIL,BRAZIL   6
1994,ASIA,INDONESIA,INDONESIA1
1995,ASIA,CHINA,CHINA    6
1996,MIDDLE EAST,IRAN,IRAN     6
1997,MIDDLE EAST,IRAN,IRAN     4
1998,EUROPE,UNITED KINGDOM,UNITED KI9
1999,ASIA,VIETNAM,VIETNAM  1
2000,MIDDLE EAST,IRAQ,IRAQ     0
