163;0001BDAD11490DEA53791D77A9DD35BBD6DDA9EC2E01D78617538C4CBBFE4521;1;I316785;Films;[Sales Target Revenue];[Genre, Media];[Country=>[EQUAL Spain]];50
164;0001BDAD11490DEA53791D77A9DD35BBD6DDA9EC2E01D78617538C4CBBFE4521;2;I316785;Films;[];[Genre];[Country=>[EQUAL European Union]];0
165;0001BDAD11490DEA53791D77A9DD35BBD6DDA9EC2E01D78617538C4CBBFE4521;3;I316785;Films;[];[Genre, Media];[Country=>[EQUAL Iceland]];75
167;0001BDAD11490DEA53791D77A9DD35BBD6DDA9EC2E01D78617538C4CBBFE4521;3;I316785;Films;[Sales Revenue];[Genre, Media];[Country=>[EQUAL Iceland]];49
168;0001BDAD11490DEA53791D77A9DD35BBD6DDA9EC2E01D78617538C4CBBFE4521;6;I316785;Sales;[Sales Quantity];[Region, Month, Country];[Year=>[EQUAL 2010]];26
169;0001BDAD11490DEA53791D77A9DD35BBD6DDA9EC2E01D78617538C4CBBFE4521;6;I316785;Sales;[Sales Quantity];[Region, Month, Country];[Year=>[EQUAL 2010]];26
171;0001BDAD11490DEA53791D77A9DD35BBD6DDA9EC2E01D78617538C4CBBFE4521;7;I316785;Sales;[];[Retailer];[Year=>[EQUAL 2013]];0
172;0001BDAD11490DEA53791D77A9DD35BBD6DDA9EC2E01D78617538C4CBBFE4521;7;I316785;Sales;[];[Retailer];[Year=>[EQUAL 2013]];7
173;0001BDAD11490DEA53791D77A9DD35BBD6DDA9EC2E01D78617538C4CBBFE4521;7;I316785;Sales;[];[Retailer];[Year=>[EQUAL 2013]];7
174;0001BDAD11490DEA53791D77A9DD35BBD6DDA9EC2E01D78617538C4CBBFE4521;7;I316785;Sales;[];[Retailer];[Year=>[EQUAL 2013]];7
175;0001BDAD11490DEA53791D77A9DD35BBD6DDA9EC2E01D78617538C4CBBFE4521;7;I316785;Sales;[Sales Revenue];[Retailer];[Year=>[EQUAL 2013]];43
176;0001BDAD11490DEA53791D77A9DD35BBD6DDA9EC2E01D78617538C4CBBFE4521;7;I316785;Sales;[];[];[Retailer=>[EQUAL Alpen]];1
177;0001BDAD11490DEA53791D77A9DD35BBD6DDA9EC2E01D78617538C4CBBFE4521;7;I316785;Sales;[];[];[Retailer=>[EQUAL Alpen]];1
354;0001BDAD11490DEA53791D77A9DD35BBD6DDA9EC2E01D78617538C4CBBFE4521;7;I316785;Sales;[Sales Revenue];[Color];[Year=>[EQUAL [2013, 2014, 2015]]];69
40;04783A9FA13A5107A707975156C09CDD483F122F3A844AA3AC925CB6EC0BD0B7;8;I316785;Sales;[];[Country];[Year=>[EQUAL 2015]];96
46;04783A9FA13A5107A707975156C09CDD483F122F3A844AA3AC925CB6EC0BD0B7;8;I316785;Sales;[];[Country];[Year=>[EQUAL 2015]];0
47;04783A9FA13A5107A707975156C09CDD483F122F3A844AA3AC925CB6EC0BD0B7;8;I316785;Sales;[];[Country];[Year=>[EQUAL 2015]];0
68;04783A9FA13A5107A707975156C09CDD483F122F3A844AA3AC925CB6EC0BD0B7;8;I316785;Sales;[];[Retailer, Product];[];0
186;04783A9FA13A5107A707975156C09CDD483F122F3A844AA3AC925CB6EC0BD0B7;9;I316785;Airports;[];[Main airport];[];55
187;04783A9FA13A5107A707975156C09CDD483F122F3A844AA3AC925CB6EC0BD0B7;9;I316785;Airports;[];[Main airport];[];55
196;04783A9FA13A5107A707975156C09CDD483F122F3A844AA3AC925CB6EC0BD0B7;9;I051069;Airports;[Passengers 2010];[Region];[Main airport=>[EQUAL Newark Liberty Intl]];41
198;04783A9FA13A5107A707975156C09CDD483F122F3A844AA3AC925CB6EC0BD0B7;9;I316785;Airports;[Passengers 2010, Nb Destinations, Population];[Main airport, Region];[];22
372;04783A9FA13A5107A707975156C09CDD483F122F3A844AA3AC925CB6EC0BD0B7;9;I316785;Airports;[Passengers 2010];[Main airport];[];45
229;04783A9FA13A5107A707975156C09CDD483F122F3A844AA3AC925CB6EC0BD0B7;10;I316785;Economy;[GDP];[];[Income group=>[EQUAL Lower middle income]];49
233;04783A9FA13A5107A707975156C09CDD483F122F3A844AA3AC925CB6EC0BD0B7;10;I316785;Economy;[GDP];[Income group];[];25
237;04783A9FA13A5107A707975156C09CDD483F122F3A844AA3AC925CB6EC0BD0B7;10;I316785;Economy;[GDP];[Country];[];36
238;04783A9FA13A5107A707975156C09CDD483F122F3A844AA3AC925CB6EC0BD0B7;10;I316785;Economy;[GDP];[Country];[];31
234;04783A9FA13A5107A707975156C09CDD483F122F3A844AA3AC925CB6EC0BD0B7;11;I316785;Economy;[GDP];[Income group];[];25
409;04783A9FA13A5107A707975156C09CDD483F122F3A844AA3AC925CB6EC0BD0B7;11;I316785;Economy;[GDP];[Income group, Country];[];21
210;04783A9FA13A5107A707975156C09CDD483F122F3A844AA3AC925CB6EC0BD0B7;12;I316785;Airports;[];[Country];[];96
214;04783A9FA13A5107A707975156C09CDD483F122F3A844AA3AC925CB6EC0BD0B7;12;I316785;Airports;[Passengers 2005];[Country];[];69
216;04783A9FA13A5107A707975156C09CDD483F122F3A844AA3AC925CB6EC0BD0B7;12;I316785;Airports;[Passengers 2010];[Country];[];69
217;04783A9FA13A5107A707975156C09CDD483F122F3A844AA3AC925CB6EC0BD0B7;12;I316785;Airports;[Passengers 2010];[];[Country=>[EQUAL United States]];146
223;04783A9FA13A5107A707975156C09CDD483F122F3A844AA3AC925CB6EC0BD0B7;12;I316785;Airports;[Passengers 2005, Nb Destinations];[];[Country=>[EQUAL United States]];109
224;04783A9FA13A5107A707975156C09CDD483F122F3A844AA3AC925CB6EC0BD0B7;12;I316785;Airports;[Passengers 2005, Nb Destinations];[];[Country=>[EQUAL United States]];109
384;04783A9FA13A5107A707975156C09CDD483F122F3A844AA3AC925CB6EC0BD0B7;12;I316785;Airports;[Passengers 2010, Nb Destinations];[];[Country=>[EQUAL United States]];110
453;04783A9FA13A5107A707975156C09CDD483F122F3A844AA3AC925CB6EC0BD0B7;12;I316785;Airports;[Passengers 2005];[];[Country=>[EQUAL United States]];143
429;05F964991B84D6A73AB5C73DA9CB1A97C34CB84348A55BE18FEB6A11A66B8BC9;1;I051892;Films;[];[Film];[];54
519;05F964991B84D6A73AB5C73DA9CB1A97C34CB84348A55BE18FEB6A11A66B8BC9;1;I051892;Films;[Sales Target Revenue];[Film];[];40
522;05F964991B84D6A73AB5C73DA9CB1A97C34CB84348A55BE18FEB6A11A66B8BC9;1;I051892;Films;[Sales Target Revenue];[Film];[Country=>[EQUAL Spain]];38
529;05F964991B84D6A73AB5C73DA9CB1A97C34CB84348A55BE18FEB6A11A66B8BC9;1;I051892;Films;[Sales Target Revenue];[Film, Genre];[Country=>[EQUAL Spain]];31
530;05F964991B84D6A73AB5C73DA9CB1A97C34CB84348A55BE18FEB6A11A66B8BC9;1;I051892;Films;[Sales Target Revenue];[Film, Genre];[Country=>[EQUAL Spain]];31
2;05F964991B84D6A73AB5C73DA9CB1A97C34CB84348A55BE18FEB6A11A66B8BC9;2;I051892;Films;[Sales Target Revenue];[Genre];[];37
83;05F964991B84D6A73AB5C73DA9CB1A97C34CB84348A55BE18FEB6A11A66B8BC9;2;I051892;Films;[Sales Revenue, Sales Target Revenue];[Country, Genre];[];32
242;05F964991B84D6A73AB5C73DA9CB1A97C34CB84348A55BE18FEB6A11A66B8BC9;2;I051892;Films;[Sales Revenue];[Country, Genre];[];40
88;05F964991B84D6A73AB5C73DA9CB1A97C34CB84348A55BE18FEB6A11A66B8BC9;3;I051892;Films;[Sales Target Revenue];[Media, Genre];[Country=>[EQUAL Iceland]];38
89;05F964991B84D6A73AB5C73DA9CB1A97C34CB84348A55BE18FEB6A11A66B8BC9;3;I051892;Films;[Sales Target Qty, Sales Revenue];[Media, Genre];[Country=>[EQUAL Iceland]];0
128;05F964991B84D6A73AB5C73DA9CB1A97C34CB84348A55BE18FEB6A11A66B8BC9;3;I051892;Films;[Sales Target Revenue, Sales Revenue];[Media, Genre];[Country=>[EQUAL Iceland]];38
129;05F964991B84D6A73AB5C73DA9CB1A97C34CB84348A55BE18FEB6A11A66B8BC9;3;I051892;Films;[Sales Target Revenue, Sales Revenue];[Media, Genre];[Country=>[EQUAL Iceland]];38
130;05F964991B84D6A73AB5C73DA9CB1A97C34CB84348A55BE18FEB6A11A66B8BC9;3;I051892;Films;[Sales Target Revenue, Sales Revenue];[Media, Genre];[Country=>[EQUAL Iceland]];38
90;05F964991B84D6A73AB5C73DA9CB1A97C34CB84348A55BE18FEB6A11A66B8BC9;6;I051892;Sales;[Sales Quantity];[];[];205
91;05F964991B84D6A73AB5C73DA9CB1A97C34CB84348A55BE18FEB6A11A66B8BC9;6;I051892;Sales;[Sales Quantity];[Country];[];54
92;05F964991B84D6A73AB5C73DA9CB1A97C34CB84348A55BE18FEB6A11A66B8BC9;6;I051892;Sales;[Sales Quantity];[Country];[Retailer=>[EQUAL Decathlon]];62
93;05F964991B84D6A73AB5C73DA9CB1A97C34CB84348A55BE18FEB6A11A66B8BC9;6;I051892;Sales;[Sales Quantity];[Country, Region];[Retailer=>[EQUAL Decathlon]];27
95;05F964991B84D6A73AB5C73DA9CB1A97C34CB84348A55BE18FEB6A11A66B8BC9;6;I051892;Sales;[Sales Quantity];[Country, Region];[Retailer=>[EQUAL Decathlon], Year=>[EQUAL 2010]];27
97;05F964991B84D6A73AB5C73DA9CB1A97C34CB84348A55BE18FEB6A11A66B8BC9;7;I051892;Sales;[Sales Revenue, Sales Target Revenue];[Retailer];[Year=>[EQUAL 2013]];24
98;05F964991B84D6A73AB5C73DA9CB1A97C34CB84348A55BE18FEB6A11A66B8BC9;7;I051892;Sales;[Sales Revenue, Sales Target Revenue];[Retailer];[Year=>[EQUAL 2013]];24
99;05F964991B84D6A73AB5C73DA9CB1A97C34CB84348A55BE18FEB6A11A66B8BC9;7;I051892;Sales;[Sales Revenue, Sales Target Revenue];[Retailer];[Year=>[EQUAL [2013, 2014]]];24
100;05F964991B84D6A73AB5C73DA9CB1A97C34CB84348A55BE18FEB6A11A66B8BC9;7;I051892;Sales;[Sales Quantity];[Retailer, Country];[];27
101;05F964991B84D6A73AB5C73DA9CB1A97C34CB84348A55BE18FEB6A11A66B8BC9;7;I051892;Sales;[Sales Quantity];[Retailer, Country];[Year=>[EQUAL 2015]];39
102;05F964991B84D6A73AB5C73DA9CB1A97C34CB84348A55BE18FEB6A11A66B8BC9;9;I051892;Airports;[Passengers 1990, Passengers 1995, Passengers 2010];[];[];69
103;05F964991B84D6A73AB5C73DA9CB1A97C34CB84348A55BE18FEB6A11A66B8BC9;9;I051892;Airports;[Passengers 1990, Passengers 1995, Passengers 2010];[Main airport];[];35
104;05F964991B84D6A73AB5C73DA9CB1A97C34CB84348A55BE18FEB6A11A66B8BC9;9;I051892;Airports;[Passengers 1990, Passengers 1995, Passengers 2010];[Main airport];[];35
105;05F964991B84D6A73AB5C73DA9CB1A97C34CB84348A55BE18FEB6A11A66B8BC9;9;I051892;Airports;[Passengers 2010];[Country, Main airport];[];34
106;05F964991B84D6A73AB5C73DA9CB1A97C34CB84348A55BE18FEB6A11A66B8BC9;9;I051892;Airports;[Passengers 2010, Population];[Country, Main airport];[];0
455;05F964991B84D6A73AB5C73DA9CB1A97C34CB84348A55BE18FEB6A11A66B8BC9;9;I051892;Airports;[];[];[];0
10;05F964991B84D6A73AB5C73DA9CB1A97C34CB84348A55BE18FEB6A11A66B8BC9;10;I051892;Economy;[];[];[Country=>[EQUAL Lower middle income]];16
11;05F964991B84D6A73AB5C73DA9CB1A97C34CB84348A55BE18FEB6A11A66B8BC9;10;I051892;Economy;[];[];[Country=>[EQUAL [Lower middle income, France]]];0
12;05F964991B84D6A73AB5C73DA9CB1A97C34CB84348A55BE18FEB6A11A66B8BC9;10;I051892;Economy;[];[];[Country=>[EQUAL [Lower middle income, High income, France]]];0
236;05F964991B84D6A73AB5C73DA9CB1A97C34CB84348A55BE18FEB6A11A66B8BC9;11;I051892;Economy;[GDP];[Country];[];36
408;05F964991B84D6A73AB5C73DA9CB1A97C34CB84348A55BE18FEB6A11A66B8BC9;11;I051892;Economy;[GDP];[Income group, Country];[];21
256;191A7605B9120D77770122570D089290ACF1EB99189D0FA92C367ECD729684C9;1;I051430;Films;[Sales Revenue];[];[];95
262;191A7605B9120D77770122570D089290ACF1EB99189D0FA92C367ECD729684C9;1;I051430;Films;[Sales Revenue];[Media];[];70
264;191A7605B9120D77770122570D089290ACF1EB99189D0FA92C367ECD729684C9;1;I051430;Films;[Sales Revenue];[Media, Genre];[];48
267;191A7605B9120D77770122570D089290ACF1EB99189D0FA92C367ECD729684C9;1;I051430;Films;[Sales Revenue];[Genre];[];59
272;191A7605B9120D77770122570D089290ACF1EB99189D0FA92C367ECD729684C9;1;I051430;Films;[Sales Revenue];[Genre];[Country=>[EQUAL Spain]];57
273;191A7605B9120D77770122570D089290ACF1EB99189D0FA92C367ECD729684C9;1;I051430;Films;[Sales Revenue];[Genre];[Country=>[EQUAL Spain], Year=>[EQUAL 2015]];67
280;191A7605B9120D77770122570D089290ACF1EB99189D0FA92C367ECD729684C9;1;I051430;Films;[];[Genre];[Year=>[EQUAL 2015]];103
281;191A7605B9120D77770122570D089290ACF1EB99189D0FA92C367ECD729684C9;1;I051430;Films;[];[Genre];[Year=>[EQUAL 2015], Country=>[EQUAL Spain]];103
282;191A7605B9120D77770122570D089290ACF1EB99189D0FA92C367ECD729684C9;1;I051430;Films;[Sales Revenue];[Genre];[Year=>[EQUAL 2015], Country=>[EQUAL Spain]];67
283;191A7605B9120D77770122570D089290ACF1EB99189D0FA92C367ECD729684C9;1;I051430;Films;[];[Genre];[Year=>[EQUAL 2015], Country=>[EQUAL Spain]];103
284;191A7605B9120D77770122570D089290ACF1EB99189D0FA92C367ECD729684C9;1;I051430;Films;[Sales Revenue];[Genre];[Year=>[EQUAL 2015]];61
285;191A7605B9120D77770122570D089290ACF1EB99189D0FA92C367ECD729684C9;1;I051430;Films;[Sales Revenue];[Genre];[Year=>[EQUAL 2015]];61
286;191A7605B9120D77770122570D089290ACF1EB99189D0FA92C367ECD729684C9;1;I051430;Films;[Sales Revenue];[Genre];[Year=>[EQUAL 2015]];61
287;191A7605B9120D77770122570D089290ACF1EB99189D0FA92C367ECD729684C9;1;I051430;Films;[];[Genre];[Year=>[EQUAL 2015]];103
288;191A7605B9120D77770122570D089290ACF1EB99189D0FA92C367ECD729684C9;1;I051430;Films;[];[Media];[Year=>[EQUAL 2015]];147
289;191A7605B9120D77770122570D089290ACF1EB99189D0FA92C367ECD729684C9;1;I051430;Films;[];[Media];[Year=>[EQUAL 2015], Country=>[EQUAL Spain]];147
290;191A7605B9120D77770122570D089290ACF1EB99189D0FA92C367ECD729684C9;1;I051430;Films;[Sales Revenue];[Media];[Year=>[EQUAL 2015], Country=>[EQUAL Spain]];73
291;191A7605B9120D77770122570D089290ACF1EB99189D0FA92C367ECD729684C9;1;I051430;Films;[];[Media];[Year=>[EQUAL 2015], Country=>[EQUAL Spain]];147
16;191A7605B9120D77770122570D089290ACF1EB99189D0FA92C367ECD729684C9;2;I051430;Films;[Sales Target Revenue];[];[Country=>[EQUAL European Union]];0
37;191A7605B9120D77770122570D089290ACF1EB99189D0FA92C367ECD729684C9;2;I051430;Films;[Sales Target Revenue];[Country, Region];[];22
38;191A7605B9120D77770122570D089290ACF1EB99189D0FA92C367ECD729684C9;2;I051430;Films;[Sales Target Revenue];[Country, Region];[];22
53;191A7605B9120D77770122570D089290ACF1EB99189D0FA92C367ECD729684C9;2;I051430;Films;[Sales Revenue];[];[Country=>[EQUAL Europe & Central Asia (all income levels)]];0
54;191A7605B9120D77770122570D089290ACF1EB99189D0FA92C367ECD729684C9;2;I051430;Films;[Sales Revenue];[Country, Region];[];21
55;191A7605B9120D77770122570D089290ACF1EB99189D0FA92C367ECD729684C9;2;I051430;Films;[Sales Revenue];[Country, Region];[];21
62;191A7605B9120D77770122570D089290ACF1EB99189D0FA92C367ECD729684C9;2;I051430;Films;[Sales Revenue];[Country];[Region=>[EQUAL Europe & Central Asia]];36
63;191A7605B9120D77770122570D089290ACF1EB99189D0FA92C367ECD729684C9;2;I051430;Films;[Sales Target Revenue, Sales Revenue];[Country];[Region=>[EQUAL Europe & Central Asia]];27
64;191A7605B9120D77770122570D089290ACF1EB99189D0FA92C367ECD729684C9;2;I051430;Films;[Sales Target Revenue];[Country];[Region=>[EQUAL Europe & Central Asia]];32
117;191A7605B9120D77770122570D089290ACF1EB99189D0FA92C367ECD729684C9;2;I051430;Films;[];[Country];[];96
118;191A7605B9120D77770122570D089290ACF1EB99189D0FA92C367ECD729684C9;2;I051430;Films;[];[Country];[];96
120;191A7605B9120D77770122570D089290ACF1EB99189D0FA92C367ECD729684C9;2;I051430;Films;[];[Country];[Region=>[EQUAL Europe & Central Asia]];90
121;191A7605B9120D77770122570D089290ACF1EB99189D0FA92C367ECD729684C9;2;I051430;Films;[];[Country];[Region=>[EQUAL Europe & Central Asia]];90
150;191A7605B9120D77770122570D089290ACF1EB99189D0FA92C367ECD729684C9;2;I051430;Films;[Sales Target Revenue, Sales Revenue];[Country];[Region=>[EQUAL Europe & Central Asia], Year=>[EQUAL 2015]];29
151;191A7605B9120D77770122570D089290ACF1EB99189D0FA92C367ECD729684C9;2;I051430;Films;[Sales Target Revenue, Sales Revenue];[Country];[Region=>[EQUAL Europe & Central Asia], Year=>[EQUAL 2015]];29
152;191A7605B9120D77770122570D089290ACF1EB99189D0FA92C367ECD729684C9;2;I051430;Films;[];[Country];[Region=>[EQUAL Europe & Central Asia], Year=>[EQUAL 2015]];89
155;191A7605B9120D77770122570D089290ACF1EB99189D0FA92C367ECD729684C9;2;I051430;Films;[];[Country];[Region=>[EQUAL Europe & Central Asia], Year=>[EQUAL 2015]];89
156;191A7605B9120D77770122570D089290ACF1EB99189D0FA92C367ECD729684C9;2;I051430;Films;[];[Country];[Region=>[EQUAL Europe & Central Asia], Year=>[EQUAL 2015]];89
296;191A7605B9120D77770122570D089290ACF1EB99189D0FA92C367ECD729684C9;2;I051430;Films;[Sales Revenue];[Country];[];61
297;191A7605B9120D77770122570D089290ACF1EB99189D0FA92C367ECD729684C9;2;I051430;Films;[Sales Target Revenue, Sales Revenue];[Country, Genre];[Region=>[EQUAL Europe & Central Asia], Year=>[EQUAL 2015]];36
298;191A7605B9120D77770122570D089290ACF1EB99189D0FA92C367ECD729684C9;2;I051430;Films;[];[Country, Genre];[Region=>[EQUAL Europe & Central Asia], Year=>[EQUAL 2015]];61
299;191A7605B9120D77770122570D089290ACF1EB99189D0FA92C367ECD729684C9;2;I051430;Films;[];[Country, Genre];[Region=>[EQUAL Europe & Central Asia], Year=>[EQUAL 2015]];61
464;191A7605B9120D77770122570D089290ACF1EB99189D0FA92C367ECD729684C9;2;I051430;Films;[];[];[Region=>[EQUAL Europe & Central Asia]];0
313;191A7605B9120D77770122570D089290ACF1EB99189D0FA92C367ECD729684C9;3;I051430;Films;[];[Genre, Retailer];[Country=>[EQUAL Iceland], Year=>[EQUAL 2015]];0
320;191A7605B9120D77770122570D089290ACF1EB99189D0FA92C367ECD729684C9;3;I051430;Films;[];[Genre];[Country=>[EQUAL Iceland], Year=>[EQUAL 2015]];0
323;191A7605B9120D77770122570D089290ACF1EB99189D0FA92C367ECD729684C9;3;I051430;Films;[];[Genre];[Country=>[EQUAL Iceland], Year=>[EQUAL 2015]];0
324;191A7605B9120D77770122570D089290ACF1EB99189D0FA92C367ECD729684C9;3;I051430;Films;[];[Genre];[Country=>[EQUAL Iceland], Year=>[EQUAL 2015]];0
325;191A7605B9120D77770122570D089290ACF1EB99189D0FA92C367ECD729684C9;3;I051430;Films;[];[Genre];[Country=>[EQUAL Iceland], Year=>[EQUAL 2015]];0
326;191A7605B9120D77770122570D089290ACF1EB99189D0FA92C367ECD729684C9;3;I051430;Films;[];[];[Country=>[EQUAL Iceland], Year=>[EQUAL 2015]];1
327;191A7605B9120D77770122570D089290ACF1EB99189D0FA92C367ECD729684C9;3;I051430;Films;[];[Genre];[Country=>[EQUAL Iceland], Year=>[EQUAL 2015]];107
328;191A7605B9120D77770122570D089290ACF1EB99189D0FA92C367ECD729684C9;3;I051430;Films;[Sales Revenue];[Retailer];[Genre=>[EQUAL Game], Country=>[EQUAL Iceland], Year=>[EQUAL 2015]];0
332;191A7605B9120D77770122570D089290ACF1EB99189D0FA92C367ECD729684C9;3;I051430;Films;[Sales Revenue, Sales Target Revenue];[];[Genre=>[EQUAL Game], Country=>[EQUAL Iceland], Year=>[EQUAL 2015]];32
333;191A7605B9120D77770122570D089290ACF1EB99189D0FA92C367ECD729684C9;3;I051430;Films;[Sales Revenue, Sales Target Revenue];[];[Genre=>[EQUAL Game], Country=>[EQUAL Iceland], Year=>[EQUAL 2015]];32
334;191A7605B9120D77770122570D089290ACF1EB99189D0FA92C367ECD729684C9;3;I051430;Films;[Sales Revenue, Sales Target Revenue];[Retailer];[Genre=>[EQUAL Game], Country=>[EQUAL Iceland], Year=>[EQUAL 2015]];32
335;191A7605B9120D77770122570D089290ACF1EB99189D0FA92C367ECD729684C9;3;I051430;Films;[Sales Revenue, Sales Target Revenue];[Retailer];[Genre=>[EQUAL Game], Country=>[EQUAL Iceland], Year=>[EQUAL 2015]];32
336;191A7605B9120D77770122570D089290ACF1EB99189D0FA92C367ECD729684C9;3;I051430;Films;[Sales Target Revenue];[Retailer];[Genre=>[EQUAL Game], Country=>[EQUAL Iceland], Year=>[EQUAL 2015]];32
337;191A7605B9120D77770122570D089290ACF1EB99189D0FA92C367ECD729684C9;3;I051430;Films;[];[Retailer];[Genre=>[EQUAL Game], Country=>[EQUAL Iceland], Year=>[EQUAL 2015]];32
338;191A7605B9120D77770122570D089290ACF1EB99189D0FA92C367ECD729684C9;3;I051430;Films;[Sales Revenue];[Retailer];[Gender=>[EQUAL Game], Country=>[EQUAL Iceland]];0
339;191A7605B9120D77770122570D089290ACF1EB99189D0FA92C367ECD729684C9;6;I051430;Sales;[Sales Revenue];[];[Retailer=>[EQUAL Decathlon]];117
340;191A7605B9120D77770122570D089290ACF1EB99189D0FA92C367ECD729684C9;6;I051430;Sales;[Sales Revenue];[];[Retailer=>[EQUAL Decathlon], Year=>[EQUAL 2010]];116
341;191A7605B9120D77770122570D089290ACF1EB99189D0FA92C367ECD729684C9;6;I051430;Sales;[Sales Quantity];[];[Retailer=>[EQUAL Decathlon], Year=>[EQUAL 2010]];205
342;191A7605B9120D77770122570D089290ACF1EB99189D0FA92C367ECD729684C9;6;I051430;Sales;[Sales Quantity];[Region, Month];[Retailer=>[EQUAL Decathlon], Year=>[EQUAL 2010]];38
343;191A7605B9120D77770122570D089290ACF1EB99189D0FA92C367ECD729684C9;6;I051430;Sales;[Sales Quantity];[Region, Month];[Retailer=>[EQUAL Decathlon], Year=>[EQUAL 2010]];38
344;191A7605B9120D77770122570D089290ACF1EB99189D0FA92C367ECD729684C9;7;I051430;Sales;[];[Retailer];[];13
345;191A7605B9120D77770122570D089290ACF1EB99189D0FA92C367ECD729684C9;7;I051430;Sales;[];[Retailer];[Year=>[EQUAL 2013]];58
346;191A7605B9120D77770122570D089290ACF1EB99189D0FA92C367ECD729684C9;7;I051430;Sales;[Sales Revenue];[Retailer];[Year=>[EQUAL 2015]];45
347;191A7605B9120D77770122570D089290ACF1EB99189D0FA92C367ECD729684C9;7;I051430;Sales;[];[Retailer];[];13
348;191A7605B9120D77770122570D089290ACF1EB99189D0FA92C367ECD729684C9;7;I051430;Sales;[];[Retailer];[];13
349;191A7605B9120D77770122570D089290ACF1EB99189D0FA92C367ECD729684C9;7;I051430;Sales;[];[Retailer];[];13
350;191A7605B9120D77770122570D089290ACF1EB99189D0FA92C367ECD729684C9;7;I051430;Sales;[];[Color];[];66
351;191A7605B9120D77770122570D089290ACF1EB99189D0FA92C367ECD729684C9;7;I051430;Sales;[Sales Revenue];[Color];[];66
355;191A7605B9120D77770122570D089290ACF1EB99189D0FA92C367ECD729684C9;7;I051430;Sales;[Sales Revenue];[Color];[Year=>[EQUAL [2013, 2014, 2015]]];69
356;191A7605B9120D77770122570D089290ACF1EB99189D0FA92C367ECD729684C9;8;I051430;Sales;[Sales Quantity];[Country];[Year=>[EQUAL 2015]];60
359;191A7605B9120D77770122570D089290ACF1EB99189D0FA92C367ECD729684C9;8;I051430;Sales;[Shortage];[Country];[Year=>[EQUAL 2015]];58
360;191A7605B9120D77770122570D089290ACF1EB99189D0FA92C367ECD729684C9;8;I051430;Sales;[Shortage];[Country];[Year=>[EQUAL 2015]];58
361;191A7605B9120D77770122570D089290ACF1EB99189D0FA92C367ECD729684C9;8;I051430;Sales;[Shortage];[Country];[Year=>[EQUAL 2015]];58
362;191A7605B9120D77770122570D089290ACF1EB99189D0FA92C367ECD729684C9;9;I051430;Airports;[Passengers 1990];[];[];147
363;191A7605B9120D77770122570D089290ACF1EB99189D0FA92C367ECD729684C9;9;I051430;Airports;[Passengers 2010];[];[];138
364;191A7605B9120D77770122570D089290ACF1EB99189D0FA92C367ECD729684C9;9;I051430;Airports;[Passengers 2010, Passengers 1990];[Main airport];[];41
365;191A7605B9120D77770122570D089290ACF1EB99189D0FA92C367ECD729684C9;9;I051430;Airports;[];[Main airport];[];55
366;191A7605B9120D77770122570D089290ACF1EB99189D0FA92C367ECD729684C9;9;I051430;Airports;[];[Main airport];[];55
367;191A7605B9120D77770122570D089290ACF1EB99189D0FA92C367ECD729684C9;9;I051430;Airports;[Passengers 2010];[Main airport, Country];[];34
368;191A7605B9120D77770122570D089290ACF1EB99189D0FA92C367ECD729684C9;9;I051430;Airports;[Passengers 2010];[Main airport, City];[];34
369;191A7605B9120D77770122570D089290ACF1EB99189D0FA92C367ECD729684C9;9;I051430;Airports;[Passengers 2010, Population];[Main airport, City];[];32
373;191A7605B9120D77770122570D089290ACF1EB99189D0FA92C367ECD729684C9;9;I051430;Airports;[Passengers 2010];[Main airport];[];45
374;191A7605B9120D77770122570D089290ACF1EB99189D0FA92C367ECD729684C9;9;I051430;Airports;[Passengers 2010];[Main airport];[];45
377;191A7605B9120D77770122570D089290ACF1EB99189D0FA92C367ECD729684C9;9;I051430;Airports;[Passengers 2010];[Main airport, Region];[];27
378;191A7605B9120D77770122570D089290ACF1EB99189D0FA92C367ECD729684C9;9;I051430;Airports;[Nb Destinations];[Main airport];[];49
379;191A7605B9120D77770122570D089290ACF1EB99189D0FA92C367ECD729684C9;9;I051430;Airports;[Nb Destinations, Passengers 2010];[City];[];56
393;191A7605B9120D77770122570D089290ACF1EB99189D0FA92C367ECD729684C9;10;I051430;Economy;[GDP];[];[];48
396;191A7605B9120D77770122570D089290ACF1EB99189D0FA92C367ECD729684C9;10;I051430;Economy;[GDP];[];[Country=>[EQUAL Low income]];0
397;191A7605B9120D77770122570D089290ACF1EB99189D0FA92C367ECD729684C9;10;I051430;Economy;[GDP];[];[Income group=>[EQUAL Low income]];47
399;191A7605B9120D77770122570D089290ACF1EB99189D0FA92C367ECD729684C9;10;I051430;Economy;[GDP];[Country];[Income group=>[EQUAL Low income]];31
400;191A7605B9120D77770122570D089290ACF1EB99189D0FA92C367ECD729684C9;10;I051430;Economy;[GDP];[];[Country=>[EQUAL Somalia]];31
401;191A7605B9120D77770122570D089290ACF1EB99189D0FA92C367ECD729684C9;10;I051430;Economy;[GDP];[];[Country=>[EQUAL Somalia]];0
402;191A7605B9120D77770122570D089290ACF1EB99189D0FA92C367ECD729684C9;10;I051430;Economy;[GDP];[Year];[Country=>[EQUAL Somalia]];40
406;191A7605B9120D77770122570D089290ACF1EB99189D0FA92C367ECD729684C9;11;I051430;Economy;[];[Country, Income group];[];34
410;191A7605B9120D77770122570D089290ACF1EB99189D0FA92C367ECD729684C9;11;I051430;Economy;[GDP];[Income group, Country];[];21
380;191A7605B9120D77770122570D089290ACF1EB99189D0FA92C367ECD729684C9;12;I051430;Airports;[];[Country];[];96
381;191A7605B9120D77770122570D089290ACF1EB99189D0FA92C367ECD729684C9;12;I051430;Airports;[];[];[Country=>[EQUAL United States]];12
382;191A7605B9120D77770122570D089290ACF1EB99189D0FA92C367ECD729684C9;12;I051430;Airports;[];[];[Country=>[EQUAL United States]];12
383;191A7605B9120D77770122570D089290ACF1EB99189D0FA92C367ECD729684C9;12;I051430;Airports;[Nb Destinations];[];[Country=>[EQUAL United States]];185
385;191A7605B9120D77770122570D089290ACF1EB99189D0FA92C367ECD729684C9;12;I051430;Airports;[Passengers 2010, Nb Destinations];[];[Country=>[EQUAL United States]];110
386;191A7605B9120D77770122570D089290ACF1EB99189D0FA92C367ECD729684C9;12;I051430;Airports;[Passengers 2005, Passengers 2010, Nb Destinations];[];[Country=>[EQUAL United States]];75
389;191A7605B9120D77770122570D089290ACF1EB99189D0FA92C367ECD729684C9;12;I051430;Airports;[Passengers 2005, Passengers 2010, Nb Destinations];[Main airport];[Country=>[EQUAL United States]];29
390;191A7605B9120D77770122570D089290ACF1EB99189D0FA92C367ECD729684C9;12;I051430;Airports;[Passengers 2010, Nb Destinations];[Main airport];[Country=>[EQUAL United States]];33
4;29AF06B372FD52129AAB65DA477E308EC73CF0D44087D05DA8D39C7BE425D30E;6;a;Sales;[Sales Revenue];[Country, Month, Region];[Retailer=>[EQUAL Decathlon], Year=>[EQUAL 2010]];24
81;29AF06B372FD52129AAB65DA477E308EC73CF0D44087D05DA8D39C7BE425D30E;7;a;Sales;[];[Retailer];[Year=>[EQUAL 2013]];7
352;29AF06B372FD52129AAB65DA477E308EC73CF0D44087D05DA8D39C7BE425D30E;7;a;Sales;[Sales Revenue];[Color];[Year=>[EQUAL [2013, 2014, 2015]]];69
469;29AF06B372FD52129AAB65DA477E308EC73CF0D44087D05DA8D39C7BE425D30E;7;a;Sales;[Inventory];[Product];[Country=>[EQUAL Slovenia]];42
17;29AF06B372FD52129AAB65DA477E308EC73CF0D44087D05DA8D39C7BE425D30E;8;a;Sales;[Inventory];[Country];[Year=>[EQUAL 2015]];58
189;29AF06B372FD52129AAB65DA477E308EC73CF0D44087D05DA8D39C7BE425D30E;8;a;Sales;[Inventory];[Country];[Year=>[EQUAL 2015]];58
470;29AF06B372FD52129AAB65DA477E308EC73CF0D44087D05DA8D39C7BE425D30E;8;a;Sales;[Inventory];[Product];[Country=>[EQUAL Slovenia]];42
471;29AF06B372FD52129AAB65DA477E308EC73CF0D44087D05DA8D39C7BE425D30E;8;a;Sales;[Inventory];[Product];[Country=>[EQUAL San Marino]];18
472;29AF06B372FD52129AAB65DA477E308EC73CF0D44087D05DA8D39C7BE425D30E;8;a;Sales;[Inventory];[Product];[Country=>[EQUAL Colombia]];30
473;29AF06B372FD52129AAB65DA477E308EC73CF0D44087D05DA8D39C7BE425D30E;8;a;Sales;[Sales Revenue];[Retailer];[Product=>[EQUAL GEL-NIMBUS 17 NYC]];43
474;29AF06B372FD52129AAB65DA477E308EC73CF0D44087D05DA8D39C7BE425D30E;8;a;Sales;[Sales Revenue];[Retailer];[Product=>[EQUAL BOLIVAR CITY]];44
475;29AF06B372FD52129AAB65DA477E308EC73CF0D44087D05DA8D39C7BE425D30E;8;a;Sales;[Sales Revenue];[Retailer];[Product=>[EQUAL METARUN]];45
476;29AF06B372FD52129AAB65DA477E308EC73CF0D44087D05DA8D39C7BE425D30E;8;a;Sales;[Sales Revenue];[Retailer];[Product=>[EQUAL FAAS 600 S V2 PWRWARM]];43
477;29AF06B372FD52129AAB65DA477E308EC73CF0D44087D05DA8D39C7BE425D30E;8;a;Sales;[Sales Revenue];[Retailer];[Product=>[EQUAL Air Zoom Structure 19]];43
478;29AF06B372FD52129AAB65DA477E308EC73CF0D44087D05DA8D39C7BE425D30E;8;a;Sales;[Sales Revenue];[Retailer];[Product=>[EQUAL Air Zoom Elite 8]];47
375;29AF06B372FD52129AAB65DA477E308EC73CF0D44087D05DA8D39C7BE425D30E;9;a;Airports;[Passengers 2010];[Main airport, Region];[];27
466;29AF06B372FD52129AAB65DA477E308EC73CF0D44087D05DA8D39C7BE425D30E;9;a;Airports;[];[Main airport];[];55
467;29AF06B372FD52129AAB65DA477E308EC73CF0D44087D05DA8D39C7BE425D30E;9;a;Airports;[Nb Destinations];[Main airport, Region];[];28
468;29AF06B372FD52129AAB65DA477E308EC73CF0D44087D05DA8D39C7BE425D30E;9;a;Airports;[Population];[Main airport, Region];[];24
445;29AF06B372FD52129AAB65DA477E308EC73CF0D44087D05DA8D39C7BE425D30E;10;a;Economy;[];[Country];[Income group=>[EQUAL Low income]];92
446;29AF06B372FD52129AAB65DA477E308EC73CF0D44087D05DA8D39C7BE425D30E;10;a;Economy;[];[Country];[Income group=>[EQUAL Lower middle income]];88
447;29AF06B372FD52129AAB65DA477E308EC73CF0D44087D05DA8D39C7BE425D30E;10;a;Economy;[];[Country];[Income group=>[EQUAL Upper middle income]];70
448;29AF06B372FD52129AAB65DA477E308EC73CF0D44087D05DA8D39C7BE425D30E;10;a;Economy;[GDP];[Year];[Country=>[EQUAL Afghanistan]];39
449;29AF06B372FD52129AAB65DA477E308EC73CF0D44087D05DA8D39C7BE425D30E;10;a;Economy;[GDP];[Year];[Country=>[EQUAL Armenia]];39
450;29AF06B372FD52129AAB65DA477E308EC73CF0D44087D05DA8D39C7BE425D30E;10;a;Economy;[GDP];[Year];[Country=>[EQUAL Albania]];39
70;29AF06B372FD52129AAB65DA477E308EC73CF0D44087D05DA8D39C7BE425D30E;11;a;Economy;[GDP];[Country, Income group];[];21
218;29AF06B372FD52129AAB65DA477E308EC73CF0D44087D05DA8D39C7BE425D30E;12;a;Airports;[Passengers 2010];[];[Country=>[EQUAL United States]];146
451;29AF06B372FD52129AAB65DA477E308EC73CF0D44087D05DA8D39C7BE425D30E;12;a;Airports;[];[];[];0
454;29AF06B372FD52129AAB65DA477E308EC73CF0D44087D05DA8D39C7BE425D30E;12;a;Airports;[Passengers 2005];[];[Country=>[EQUAL United States]];143
465;29AF06B372FD52129AAB65DA477E308EC73CF0D44087D05DA8D39C7BE425D30E;12;a;Airports;[Nb Destinations, Passengers 2010];[];[Country=>[EQUAL United States]];110
503;29AF06B372FD52129AAB65DA477E308EC73CF0D44087D05DA8D39C7BE425D30E;12;a;Airports;[Nb Destinations];[Main airport];[Country=>[EQUAL United States]];38
504;29AF06B372FD52129AAB65DA477E308EC73CF0D44087D05DA8D39C7BE425D30E;12;a;Airports;[Nb Destinations];[Main airport];[Country=>[EQUAL United States]];38
1;3C604A43A349CDC4130E5F83A8625EE6C83A2283F66A05BD44300AE9E67250DE;1;a;Films;[Sales Revenue];[Media];[Country=>[EQUAL Spain]];68
3;3C604A43A349CDC4130E5F83A8625EE6C83A2283F66A05BD44300AE9E67250DE;1;a;Films;[Sales Revenue];[Media];[Country=>[EQUAL Spain]];68
18;3C604A43A349CDC4130E5F83A8625EE6C83A2283F66A05BD44300AE9E67250DE;1;a;Films;[Sales Revenue];[Genre];[Country=>[EQUAL Spain]];57
19;3C604A43A349CDC4130E5F83A8625EE6C83A2283F66A05BD44300AE9E67250DE;1;a;Films;[Sales Revenue];[Genre];[Country=>[EQUAL Spain]];57
108;3C604A43A349CDC4130E5F83A8625EE6C83A2283F66A05BD44300AE9E67250DE;1;a;Films;[Sales Revenue];[Media];[Country=>[EQUAL Spain]];68
265;3C604A43A349CDC4130E5F83A8625EE6C83A2283F66A05BD44300AE9E67250DE;1;a;Films;[Sales Revenue];[Genre];[];59
268;3C604A43A349CDC4130E5F83A8625EE6C83A2283F66A05BD44300AE9E67250DE;1;a;Films;[Sales Revenue];[Genre];[Country=>[EQUAL Spain]];57
403;3C604A43A349CDC4130E5F83A8625EE6C83A2283F66A05BD44300AE9E67250DE;1;a;Films;[];[];[];0
119;3C604A43A349CDC4130E5F83A8625EE6C83A2283F66A05BD44300AE9E67250DE;2;a;Films;[];[Country];[Region=>[EQUAL Europe & Central Asia]];90
247;3C604A43A349CDC4130E5F83A8625EE6C83A2283F66A05BD44300AE9E67250DE;2;a;Films;[Sales Revenue];[];[];117
248;3C604A43A349CDC4130E5F83A8625EE6C83A2283F66A05BD44300AE9E67250DE;2;a;Films;[Sales Revenue];[Genre];[Country=>[EQUAL France]];59
249;3C604A43A349CDC4130E5F83A8625EE6C83A2283F66A05BD44300AE9E67250DE;2;a;Films;[Sales Revenue];[Genre];[Country=>[EQUAL Austria]];56
250;3C604A43A349CDC4130E5F83A8625EE6C83A2283F66A05BD44300AE9E67250DE;2;a;Films;[Sales Revenue];[Genre];[Country=>[EQUAL Germany]];57
251;3C604A43A349CDC4130E5F83A8625EE6C83A2283F66A05BD44300AE9E67250DE;2;a;Films;[Sales Revenue];[Genre];[Country=>[EQUAL Ukraine]];54
135;3C604A43A349CDC4130E5F83A8625EE6C83A2283F66A05BD44300AE9E67250DE;3;a;Films;[Sales Revenue];[Retailer];[Country=>[EQUAL Iceland]];49
244;3C604A43A349CDC4130E5F83A8625EE6C83A2283F66A05BD44300AE9E67250DE;3;a;Films;[Sales Revenue];[Retailer];[Country=>[EQUAL Ireland]];46
245;3C604A43A349CDC4130E5F83A8625EE6C83A2283F66A05BD44300AE9E67250DE;3;a;Films;[Sales Target Revenue];[Retailer];[Country=>[EQUAL Iceland]];31
246;3C604A43A349CDC4130E5F83A8625EE6C83A2283F66A05BD44300AE9E67250DE;3;a;Films;[Sales Revenue];[];[];117
416;3C604A43A349CDC4130E5F83A8625EE6C83A2283F66A05BD44300AE9E67250DE;3;a;Films;[Sales Revenue];[Genre];[Country=>[EQUAL Iceland]];59
417;3C604A43A349CDC4130E5F83A8625EE6C83A2283F66A05BD44300AE9E67250DE;3;a;Films;[Sales Revenue];[Genre];[Country=>[EQUAL Iceland]];59
512;3C604A43A349CDC4130E5F83A8625EE6C83A2283F66A05BD44300AE9E67250DE;3;a;Films;[Sales Revenue];[Media];[Country=>[EQUAL Iceland]];69
5;3C604A43A349CDC4130E5F83A8625EE6C83A2283F66A05BD44300AE9E67250DE;6;a;Sales;[Sales Revenue];[Month];[Year=>[EQUAL 2010], Retailer=>[EQUAL Decathlon], Region=>[EQUAL North America]];95
6;3C604A43A349CDC4130E5F83A8625EE6C83A2283F66A05BD44300AE9E67250DE;6;a;Sales;[Sales Revenue];[Month];[Year=>[EQUAL 2010], Retailer=>[EQUAL Decathlon], Region=>[EQUAL Europe & Central Asia]];95
7;3C604A43A349CDC4130E5F83A8625EE6C83A2283F66A05BD44300AE9E67250DE;6;a;Sales;[Sales Revenue];[Month];[Year=>[EQUAL 2010], Retailer=>[EQUAL Decathlon], Region=>[EQUAL East Asia & Pacific]];95
8;3C604A43A349CDC4130E5F83A8625EE6C83A2283F66A05BD44300AE9E67250DE;6;a;Sales;[Sales Revenue];[Month];[Year=>[EQUAL 2010], Retailer=>[EQUAL Decathlon], Region=>[EQUAL Latin America & Caribbean]];95
404;3C604A43A349CDC4130E5F83A8625EE6C83A2283F66A05BD44300AE9E67250DE;7;a;Sales;[];[];[];0
479;3C604A43A349CDC4130E5F83A8625EE6C83A2283F66A05BD44300AE9E67250DE;7;a;Sales;[];[Retailer];[Year=>[EQUAL 2013]];7
440;547BFC0A9BECA12855B0C21A1D028732A75106E4BFAC87C9590A6616878B5C90;1;I051911;Films;[Sales Revenue];[Genre, Media];[Country=>[EQUAL Spain]];46
441;547BFC0A9BECA12855B0C21A1D028732A75106E4BFAC87C9590A6616878B5C90;1;I051911;Films;[Sales Revenue];[Genre, Media];[Country=>[EQUAL Spain]];46
442;547BFC0A9BECA12855B0C21A1D028732A75106E4BFAC87C9590A6616878B5C90;1;I051911;Films;[Sales Revenue];[Genre, Media];[Country=>[EQUAL Spain]];46
482;547BFC0A9BECA12855B0C21A1D028732A75106E4BFAC87C9590A6616878B5C90;1;I051911;Films;[Sales Revenue, Sales Target Revenue];[Genre, Media];[Country=>[EQUAL Spain]];36
411;547BFC0A9BECA12855B0C21A1D028732A75106E4BFAC87C9590A6616878B5C90;2;I051911;Films;[];[];[];0
483;547BFC0A9BECA12855B0C21A1D028732A75106E4BFAC87C9590A6616878B5C90;2;I051911;Films;[];[Country];[];96
484;547BFC0A9BECA12855B0C21A1D028732A75106E4BFAC87C9590A6616878B5C90;2;I051911;Films;[];[Country];[];96
485;547BFC0A9BECA12855B0C21A1D028732A75106E4BFAC87C9590A6616878B5C90;2;I051911;Films;[];[Genre];[Country=>[EQUAL France]];103
486;547BFC0A9BECA12855B0C21A1D028732A75106E4BFAC87C9590A6616878B5C90;2;I051911;Films;[];[Genre];[Country=>[EQUAL Spain]];103
487;547BFC0A9BECA12855B0C21A1D028732A75106E4BFAC87C9590A6616878B5C90;2;I051911;Films;[];[Media, Genre];[Country=>[EQUAL Iceland]];75
136;547BFC0A9BECA12855B0C21A1D028732A75106E4BFAC87C9590A6616878B5C90;3;I051911;Films;[Sales Revenue];[Retailer];[Country=>[EQUAL Iceland]];49
488;547BFC0A9BECA12855B0C21A1D028732A75106E4BFAC87C9590A6616878B5C90;3;I051911;Films;[];[Media, Genre];[Country=>[EQUAL Iceland]];75
489;547BFC0A9BECA12855B0C21A1D028732A75106E4BFAC87C9590A6616878B5C90;6;I051911;Sales;[Sales Quantity];[Month];[Retailer=>[EQUAL Decathlon]];147
490;547BFC0A9BECA12855B0C21A1D028732A75106E4BFAC87C9590A6616878B5C90;6;I051911;Sales;[Sales Quantity];[Month];[Retailer=>[EQUAL Decathlon], Year=>[EQUAL 2015]];147
491;547BFC0A9BECA12855B0C21A1D028732A75106E4BFAC87C9590A6616878B5C90;6;I051911;Sales;[Sales Quantity];[Product, Month];[Retailer=>[EQUAL Decathlon], Year=>[EQUAL 2015]];47
492;547BFC0A9BECA12855B0C21A1D028732A75106E4BFAC87C9590A6616878B5C90;6;I051911;Sales;[Sales Quantity];[Product, Month];[Retailer=>[EQUAL Decathlon], Year=>[EQUAL 2015]];47
353;547BFC0A9BECA12855B0C21A1D028732A75106E4BFAC87C9590A6616878B5C90;7;I051911;Sales;[Sales Revenue];[Color];[Year=>[EQUAL [2013, 2014, 2015]]];69
419;547BFC0A9BECA12855B0C21A1D028732A75106E4BFAC87C9590A6616878B5C90;7;I051911;Sales;[];[];[];0
493;547BFC0A9BECA12855B0C21A1D028732A75106E4BFAC87C9590A6616878B5C90;7;I051911;Sales;[];[Retailer];[Year=>[EQUAL 2013]];7
494;547BFC0A9BECA12855B0C21A1D028732A75106E4BFAC87C9590A6616878B5C90;7;I051911;Sales;[];[Retailer];[Year=>[EQUAL 2013]];7
495;547BFC0A9BECA12855B0C21A1D028732A75106E4BFAC87C9590A6616878B5C90;7;I051911;Sales;[];[];[Retailer=>[EQUAL Alpen]];1
496;547BFC0A9BECA12855B0C21A1D028732A75106E4BFAC87C9590A6616878B5C90;7;I051911;Sales;[];[];[Retailer=>[EQUAL Alpen]];1
497;547BFC0A9BECA12855B0C21A1D028732A75106E4BFAC87C9590A6616878B5C90;7;I051911;Sales;[Sales Revenue];[Color];[Year=>[EQUAL [2013, 2014, 2015]], Retailer=>[EQUAL Alpen]];69
190;547BFC0A9BECA12855B0C21A1D028732A75106E4BFAC87C9590A6616878B5C90;8;I051911;Sales;[Inventory];[Country];[Year=>[EQUAL 2015]];58
20;547BFC0A9BECA12855B0C21A1D028732A75106E4BFAC87C9590A6616878B5C90;9;I051911;Airports;[Nb Destinations];[Main airport];[];49
498;547BFC0A9BECA12855B0C21A1D028732A75106E4BFAC87C9590A6616878B5C90;9;I051911;Airports;[];[Main airport];[];55
499;547BFC0A9BECA12855B0C21A1D028732A75106E4BFAC87C9590A6616878B5C90;9;I051911;Airports;[];[Region];[];41
500;547BFC0A9BECA12855B0C21A1D028732A75106E4BFAC87C9590A6616878B5C90;9;I051911;Airports;[Population];[Country];[];54
211;547BFC0A9BECA12855B0C21A1D028732A75106E4BFAC87C9590A6616878B5C90;10;I051911;Economy;[GDP];[Year];[Income group=>[EQUAL Low income]];38
391;547BFC0A9BECA12855B0C21A1D028732A75106E4BFAC87C9590A6616878B5C90;10;I051911;Economy;[GDP];[];[];48
394;547BFC0A9BECA12855B0C21A1D028732A75106E4BFAC87C9590A6616878B5C90;10;I051911;Economy;[GDP];[];[Country=>[EQUAL Low income]];0
398;547BFC0A9BECA12855B0C21A1D028732A75106E4BFAC87C9590A6616878B5C90;10;I051911;Economy;[GDP];[Country];[Income group=>[EQUAL Low income]];31
506;547BFC0A9BECA12855B0C21A1D028732A75106E4BFAC87C9590A6616878B5C90;10;I051911;Economy;[GDP];[Country];[Income group=>[EQUAL Low income]];0
507;547BFC0A9BECA12855B0C21A1D028732A75106E4BFAC87C9590A6616878B5C90;10;I051911;Economy;[GDP];[Year];[Income group=>[EQUAL Lower middle income]];38
508;547BFC0A9BECA12855B0C21A1D028732A75106E4BFAC87C9590A6616878B5C90;10;I051911;Economy;[GDP];[Year];[Income group=>[EQUAL Upper middle income]];38
230;547BFC0A9BECA12855B0C21A1D028732A75106E4BFAC87C9590A6616878B5C90;11;I051911;Economy;[GDP];[Income group];[];25
407;547BFC0A9BECA12855B0C21A1D028732A75106E4BFAC87C9590A6616878B5C90;11;I051911;Economy;[GDP];[Income group, Country];[];21
423;547BFC0A9BECA12855B0C21A1D028732A75106E4BFAC87C9590A6616878B5C90;12;I051911;Airports;[];[];[];0
452;547BFC0A9BECA12855B0C21A1D028732A75106E4BFAC87C9590A6616878B5C90;12;I051911;Airports;[Passengers 2005];[];[Country=>[EQUAL United States]];143
501;547BFC0A9BECA12855B0C21A1D028732A75106E4BFAC87C9590A6616878B5C90;12;I051911;Airports;[];[Country];[];96
502;547BFC0A9BECA12855B0C21A1D028732A75106E4BFAC87C9590A6616878B5C90;12;I051911;Airports;[Nb Destinations];[Main airport];[Country=>[EQUAL United States]];38
505;547BFC0A9BECA12855B0C21A1D028732A75106E4BFAC87C9590A6616878B5C90;12;I051911;Airports;[];[Main airport];[Country=>[EQUAL United States]];42
427;61125156E07AA4689839C9821FE65B05F7C2143440172F36ADC94A8AB93CE330;1;I051435;Films;[];[Film, Media];[];45
428;61125156E07AA4689839C9821FE65B05F7C2143440172F36ADC94A8AB93CE330;1;I051435;Films;[];[Type];[];205
433;61125156E07AA4689839C9821FE65B05F7C2143440172F36ADC94A8AB93CE330;1;I051435;Films;[];[Film];[];54
435;61125156E07AA4689839C9821FE65B05F7C2143440172F36ADC94A8AB93CE330;1;I051435;Films;[];[Film, Genre];[];39
436;61125156E07AA4689839C9821FE65B05F7C2143440172F36ADC94A8AB93CE330;1;I051435;Films;[];[Film, Genre, Media];[];34
437;61125156E07AA4689839C9821FE65B05F7C2143440172F36ADC94A8AB93CE330;1;I051435;Films;[Margin gross];[Film, Genre, Media];[];30
438;61125156E07AA4689839C9821FE65B05F7C2143440172F36ADC94A8AB93CE330;1;I051435;Films;[Margin gross];[Film, Genre, Media];[Country=>[EQUAL Spain]];29
439;61125156E07AA4689839C9821FE65B05F7C2143440172F36ADC94A8AB93CE330;1;I051435;Films;[Sales Revenue];[Film, Genre, Media];[Country=>[EQUAL Spain]];26
444;61125156E07AA4689839C9821FE65B05F7C2143440172F36ADC94A8AB93CE330;1;I051435;Films;[Sales Revenue];[Genre, Media];[Country=>[EQUAL Spain]];46
179;687ECC64E4980354EB0247A82F3E2C895961472A05E14D1ACBD44B5029F9DAA2;1;I051069;Films;[];[];[Country=>[EQUAL Spain]];6
180;687ECC64E4980354EB0247A82F3E2C895961472A05E14D1ACBD44B5029F9DAA2;2;I051069;Films;[Sales Revenue];[Country];[Region=>[EQUAL Europe & Central Asia]];64
181;687ECC64E4980354EB0247A82F3E2C895961472A05E14D1ACBD44B5029F9DAA2;2;I051069;Films;[Sales Revenue, Sales Target Revenue];[];[];57
182;687ECC64E4980354EB0247A82F3E2C895961472A05E14D1ACBD44B5029F9DAA2;2;I051069;Films;[Sales Revenue];[Country, Genre];[Region=>[EQUAL Europe & Central Asia]];29
183;687ECC64E4980354EB0247A82F3E2C895961472A05E14D1ACBD44B5029F9DAA2;2;I051069;Films;[Sales Revenue, Sales Target Revenue];[Country, Genre];[Region=>[EQUAL Europe & Central Asia]];25
184;687ECC64E4980354EB0247A82F3E2C895961472A05E14D1ACBD44B5029F9DAA2;2;I051069;Films;[Sales Revenue, Sales Target Revenue];[Country, Genre];[Region=>[EQUAL Europe & Central Asia]];25
456;687ECC64E4980354EB0247A82F3E2C895961472A05E14D1ACBD44B5029F9DAA2;2;I051069;Films;[];[];[];0
457;687ECC64E4980354EB0247A82F3E2C895961472A05E14D1ACBD44B5029F9DAA2;2;I051069;Films;[];[];[];0
185;687ECC64E4980354EB0247A82F3E2C895961472A05E14D1ACBD44B5029F9DAA2;3;I051069;Films;[Sales Revenue, Sales Target Revenue];[Media, Genre];[Country=>[EQUAL Iceland]];38
39;687ECC64E4980354EB0247A82F3E2C895961472A05E14D1ACBD44B5029F9DAA2;6;I051069;Sales;[];[Region, Month, Country];[Retailer=>[EQUAL Decathlon]];32
43;687ECC64E4980354EB0247A82F3E2C895961472A05E14D1ACBD44B5029F9DAA2;6;I051069;Sales;[];[Region, Month, Country];[Retailer=>[EQUAL Decathlon], Year=>[EQUAL 2010]];1
45;687ECC64E4980354EB0247A82F3E2C895961472A05E14D1ACBD44B5029F9DAA2;6;I051069;Sales;[];[];[Retailer=>[EQUAL Decathlon], Year=>[EQUAL 2010]];1
60;687ECC64E4980354EB0247A82F3E2C895961472A05E14D1ACBD44B5029F9DAA2;6;I051069;Sales;[Sales Revenue];[Month, Region];[Retailer=>[EQUAL Decathlon], Year=>[EQUAL 2010]];31
69;687ECC64E4980354EB0247A82F3E2C895961472A05E14D1ACBD44B5029F9DAA2;6;I051069;Sales;[Sales Revenue];[Month, Region];[Retailer=>[EQUAL Decathlon], Year=>[EQUAL 2010], Month=>[EQUAL [January, February, March, April, May, June]]];0
94;687ECC64E4980354EB0247A82F3E2C895961472A05E14D1ACBD44B5029F9DAA2;7;I051069;Sales;[];[Retailer];[Year=>[EQUAL 2013]];7
96;687ECC64E4980354EB0247A82F3E2C895961472A05E14D1ACBD44B5029F9DAA2;7;I051069;Sales;[];[Retailer];[Year=>[EQUAL 2013]];7
458;687ECC64E4980354EB0247A82F3E2C895961472A05E14D1ACBD44B5029F9DAA2;7;I051069;Sales;[];[];[];0
188;687ECC64E4980354EB0247A82F3E2C895961472A05E14D1ACBD44B5029F9DAA2;8;I051069;Sales;[Inventory];[Product];[Country=>[EQUAL [Colombia, San Marino, Slovenia]]];42
191;687ECC64E4980354EB0247A82F3E2C895961472A05E14D1ACBD44B5029F9DAA2;8;I051069;Sales;[Inventory];[Country];[Year=>[EQUAL 2015]];58
192;687ECC64E4980354EB0247A82F3E2C895961472A05E14D1ACBD44B5029F9DAA2;8;I051069;Sales;[Inventory];[Country];[Year=>[EQUAL 2015]];58
193;687ECC64E4980354EB0247A82F3E2C895961472A05E14D1ACBD44B5029F9DAA2;8;I051069;Sales;[Inventory];[Country];[Year=>[EQUAL 2015]];58
194;687ECC64E4980354EB0247A82F3E2C895961472A05E14D1ACBD44B5029F9DAA2;8;I051069;Sales;[Inventory];[Country];[Year=>[EQUAL 2015]];58
195;687ECC64E4980354EB0247A82F3E2C895961472A05E14D1ACBD44B5029F9DAA2;8;I051069;Sales;[Inventory];[Country];[Year=>[EQUAL 2015]];58
197;687ECC64E4980354EB0247A82F3E2C895961472A05E14D1ACBD44B5029F9DAA2;9;I051069;Airports;[Passengers 1990, Passengers 1995, Passengers 2000, Passengers 2005, Passengers 2010];[Main airport];[];28
199;687ECC64E4980354EB0247A82F3E2C895961472A05E14D1ACBD44B5029F9DAA2;9;I051069;Airports;[Passengers 1990, Passengers 2010];[];[];94
200;687ECC64E4980354EB0247A82F3E2C895961472A05E14D1ACBD44B5029F9DAA2;9;I051069;Airports;[Passengers 1990, Passengers 2010];[Main airport];[];41
459;687ECC64E4980354EB0247A82F3E2C895961472A05E14D1ACBD44B5029F9DAA2;9;I051069;Airports;[];[];[];0
460;687ECC64E4980354EB0247A82F3E2C895961472A05E14D1ACBD44B5029F9DAA2;9;I051069;Airports;[];[];[];0
461;687ECC64E4980354EB0247A82F3E2C895961472A05E14D1ACBD44B5029F9DAA2;9;I051069;Airports;[];[];[];0
462;687ECC64E4980354EB0247A82F3E2C895961472A05E14D1ACBD44B5029F9DAA2;9;I051069;Airports;[];[];[];0
463;687ECC64E4980354EB0247A82F3E2C895961472A05E14D1ACBD44B5029F9DAA2;9;I051069;Airports;[];[];[];0
212;687ECC64E4980354EB0247A82F3E2C895961472A05E14D1ACBD44B5029F9DAA2;10;I051069;Economy;[GDP];[Year];[Income group=>[EQUAL Low income]];38
213;687ECC64E4980354EB0247A82F3E2C895961472A05E14D1ACBD44B5029F9DAA2;10;I051069;Economy;[GDP];[Year, Country];[Income group=>[EQUAL Low income]];27
219;687ECC64E4980354EB0247A82F3E2C895961472A05E14D1ACBD44B5029F9DAA2;10;I051069;Economy;[GDP];[Year];[];40
220;687ECC64E4980354EB0247A82F3E2C895961472A05E14D1ACBD44B5029F9DAA2;10;I051069;Economy;[GDP];[Year];[];40
221;687ECC64E4980354EB0247A82F3E2C895961472A05E14D1ACBD44B5029F9DAA2;10;I051069;Economy;[GDP];[];[Year=>[EQUAL 2012]];49
222;687ECC64E4980354EB0247A82F3E2C895961472A05E14D1ACBD44B5029F9DAA2;10;I051069;Economy;[GDP];[];[Year=>[EQUAL 2012]];49
225;687ECC64E4980354EB0247A82F3E2C895961472A05E14D1ACBD44B5029F9DAA2;10;I051069;Economy;[GDP];[Income group];[Year=>[EQUAL 2012]];25
392;687ECC64E4980354EB0247A82F3E2C895961472A05E14D1ACBD44B5029F9DAA2;10;I051069;Economy;[GDP];[];[];48
226;687ECC64E4980354EB0247A82F3E2C895961472A05E14D1ACBD44B5029F9DAA2;11;I051069;Economy;[GDP];[Income group];[Year=>[EQUAL 2012]];25
227;687ECC64E4980354EB0247A82F3E2C895961472A05E14D1ACBD44B5029F9DAA2;11;I051069;Economy;[GDP];[Income group];[Year=>[EQUAL 2012]];25
232;687ECC64E4980354EB0247A82F3E2C895961472A05E14D1ACBD44B5029F9DAA2;11;I051069;Economy;[GDP];[Income group];[];25
201;687ECC64E4980354EB0247A82F3E2C895961472A05E14D1ACBD44B5029F9DAA2;12;I051069;Airports;[];[Country];[];96
206;687ECC64E4980354EB0247A82F3E2C895961472A05E14D1ACBD44B5029F9DAA2;12;I051069;Airports;[Passengers 2005, Passengers 2010];[];[Country=>[EQUAL United States]];93
209;687ECC64E4980354EB0247A82F3E2C895961472A05E14D1ACBD44B5029F9DAA2;12;I051069;Airports;[Passengers 2005, Passengers 2010];[Main airport];[Country=>[EQUAL United States]];32
41;6E57DFAF22DEAFFF71E05042468DF4345BE90E1A1E8635B70473AD397FDA2463;8;I050582;Sales;[];[Country];[Year=>[EQUAL 2015]];0
42;6E57DFAF22DEAFFF71E05042468DF4345BE90E1A1E8635B70473AD397FDA2463;8;I050582;Sales;[];[Country];[Year=>[EQUAL 2015]];0
44;6E57DFAF22DEAFFF71E05042468DF4345BE90E1A1E8635B70473AD397FDA2463;8;I050582;Sales;[];[Country, Retailer, Product];[Year=>[EQUAL 2015]];25
48;6E57DFAF22DEAFFF71E05042468DF4345BE90E1A1E8635B70473AD397FDA2463;8;I050582;Sales;[Planned Qty Ordered];[Country, Retailer, Product];[Year=>[EQUAL 2015]];22
357;6E57DFAF22DEAFFF71E05042468DF4345BE90E1A1E8635B70473AD397FDA2463;8;I050582;Sales;[Shortage];[Country];[Year=>[EQUAL 2015]];58
49;6E57DFAF22DEAFFF71E05042468DF4345BE90E1A1E8635B70473AD397FDA2463;9;I050582;Airports;[Passengers 1990, Passengers 2010];[];[];94
51;6E57DFAF22DEAFFF71E05042468DF4345BE90E1A1E8635B70473AD397FDA2463;9;I050582;Airports;[Passengers 1990, Passengers 2010];[Main airport];[];41
52;6E57DFAF22DEAFFF71E05042468DF4345BE90E1A1E8635B70473AD397FDA2463;9;I050582;Airports;[];[Main airport];[];55
56;6E57DFAF22DEAFFF71E05042468DF4345BE90E1A1E8635B70473AD397FDA2463;9;I050582;Airports;[Passengers 2010];[Main airport];[Main airport=>[EQUAL [John F Kennedy Intl, Miami Intl, Los Angeles Intl]]];0
57;6E57DFAF22DEAFFF71E05042468DF4345BE90E1A1E8635B70473AD397FDA2463;9;I050582;Airports;[Passengers 2010];[Region];[];36
215;6E57DFAF22DEAFFF71E05042468DF4345BE90E1A1E8635B70473AD397FDA2463;9;I050582;Airports;[Passengers 2010];[Country];[];69
370;6E57DFAF22DEAFFF71E05042468DF4345BE90E1A1E8635B70473AD397FDA2463;9;I050582;Airports;[Passengers 2010];[Main airport];[];45
75;6E57DFAF22DEAFFF71E05042468DF4345BE90E1A1E8635B70473AD397FDA2463;10;I050582;Economy;[GDP];[Country, Income group];[];21
76;6E57DFAF22DEAFFF71E05042468DF4345BE90E1A1E8635B70473AD397FDA2463;10;I050582;Economy;[GDP];[Country];[Income group=>[EQUAL [Low income, Lower middle income, Upper middle income]]];0
77;6E57DFAF22DEAFFF71E05042468DF4345BE90E1A1E8635B70473AD397FDA2463;10;I050582;Economy;[GDP];[Year, Country];[Income group=>[EQUAL [Low income, Lower middle income, Upper middle income]]];0
235;6E57DFAF22DEAFFF71E05042468DF4345BE90E1A1E8635B70473AD397FDA2463;10;I050582;Economy;[GDP];[Country];[];36
78;6E57DFAF22DEAFFF71E05042468DF4345BE90E1A1E8635B70473AD397FDA2463;11;I050582;Economy;[GDP];[Country];[Year=>[EQUAL 2015]];0
79;6E57DFAF22DEAFFF71E05042468DF4345BE90E1A1E8635B70473AD397FDA2463;11;I050582;Economy;[GDP];[Country];[Year=>[EQUAL 2010]];35
80;6E57DFAF22DEAFFF71E05042468DF4345BE90E1A1E8635B70473AD397FDA2463;11;I050582;Economy;[];[Country, Income group];[];0
82;6E57DFAF22DEAFFF71E05042468DF4345BE90E1A1E8635B70473AD397FDA2463;11;I050582;Economy;[GDP];[Country, Income group];[];0
58;6E57DFAF22DEAFFF71E05042468DF4345BE90E1A1E8635B70473AD397FDA2463;12;I050582;Airports;[];[Country];[];96
59;6E57DFAF22DEAFFF71E05042468DF4345BE90E1A1E8635B70473AD397FDA2463;12;I050582;Airports;[Passengers 2005];[];[];141
61;6E57DFAF22DEAFFF71E05042468DF4345BE90E1A1E8635B70473AD397FDA2463;12;I050582;Airports;[];[];[Country=>[EQUAL United States]];12
65;6E57DFAF22DEAFFF71E05042468DF4345BE90E1A1E8635B70473AD397FDA2463;12;I050582;Airports;[Passengers 2010, Nb Destinations];[Main airport];[Country=>[EQUAL United States]];33
66;6E57DFAF22DEAFFF71E05042468DF4345BE90E1A1E8635B70473AD397FDA2463;12;I050582;Airports;[Nb Destinations];[Main airport];[Country=>[EQUAL United States]];38
67;6E57DFAF22DEAFFF71E05042468DF4345BE90E1A1E8635B70473AD397FDA2463;12;I050582;Airports;[];[Main airport];[Country=>[EQUAL United States]];42
203;6E57DFAF22DEAFFF71E05042468DF4345BE90E1A1E8635B70473AD397FDA2463;12;I050582;Airports;[Passengers 2005, Passengers 2010];[];[Country=>[EQUAL United States]];93
204;6E57DFAF22DEAFFF71E05042468DF4345BE90E1A1E8635B70473AD397FDA2463;12;I050582;Airports;[Passengers 2005, Passengers 2010];[];[Country=>[EQUAL United States]];93
207;6E57DFAF22DEAFFF71E05042468DF4345BE90E1A1E8635B70473AD397FDA2463;12;I050582;Airports;[Passengers 2005, Passengers 2010];[Main airport];[Country=>[EQUAL United States]];32
387;6E57DFAF22DEAFFF71E05042468DF4345BE90E1A1E8635B70473AD397FDA2463;12;I050582;Airports;[Passengers 2005, Passengers 2010, Nb Destinations];[Main airport];[Country=>[EQUAL United States]];29
170;6FFA857E98DC952622534B7F6DC3347D7D9A5127400C1EB01E093B658AD84B49;1;a;Films;[Sales Revenue];[Media];[Country=>[EQUAL Spain], Year=>[EQUAL 2015]];68
107;78800BE8CEA61EE809830FA78386B6DFB4DAD39EFEE862E34B966556F0DCF817;1;I050648;Films;[];[Media];[Country=>[EQUAL Spain]];147
113;78800BE8CEA61EE809830FA78386B6DFB4DAD39EFEE862E34B966556F0DCF817;1;I050648;Films;[Sales Revenue];[Media];[Country=>[EQUAL Spain]];68
114;78800BE8CEA61EE809830FA78386B6DFB4DAD39EFEE862E34B966556F0DCF817;1;I050648;Films;[Sales Revenue];[Media, Genre];[Country=>[EQUAL Spain]];46
115;78800BE8CEA61EE809830FA78386B6DFB4DAD39EFEE862E34B966556F0DCF817;1;I050648;Films;[Sales Revenue];[Genre, Year];[Country=>[EQUAL Spain]];36
270;78800BE8CEA61EE809830FA78386B6DFB4DAD39EFEE862E34B966556F0DCF817;1;I050648;Films;[Sales Revenue];[Genre];[Country=>[EQUAL Spain]];57
123;78800BE8CEA61EE809830FA78386B6DFB4DAD39EFEE862E34B966556F0DCF817;2;I050648;Films;[Sales Revenue, Sales Target Revenue];[Country, Genre];[];32
124;78800BE8CEA61EE809830FA78386B6DFB4DAD39EFEE862E34B966556F0DCF817;2;I050648;Films;[Sales Target Revenue];[Genre, Country];[];41
480;97318F64E2F56689865E28573E0884D5F65E7891637D13F3CECDE4C24095CF02;1;I316785;Films;[Sales Target Revenue];[Media, Film];[Country=>[EQUAL Spain]];34
109;97AFC965ABF526B36B105A3821C9BD1C9F1390DB3D7B2B07D7C6A16AF3061CF2;1;I301280;Films;[Sales Revenue];[Media];[Country=>[EQUAL Spain]];68
110;97AFC965ABF526B36B105A3821C9BD1C9F1390DB3D7B2B07D7C6A16AF3061CF2;1;I301280;Films;[Sales Revenue];[Media];[Country=>[EQUAL Spain]];68
111;97AFC965ABF526B36B105A3821C9BD1C9F1390DB3D7B2B07D7C6A16AF3061CF2;1;I301280;Films;[Sales Revenue];[Media];[Country=>[EQUAL Spain]];68
112;97AFC965ABF526B36B105A3821C9BD1C9F1390DB3D7B2B07D7C6A16AF3061CF2;1;I301280;Films;[Sales Revenue];[Media];[Country=>[EQUAL Spain]];68
253;97AFC965ABF526B36B105A3821C9BD1C9F1390DB3D7B2B07D7C6A16AF3061CF2;1;I301280;Films;[Sales Revenue];[];[];95
257;97AFC965ABF526B36B105A3821C9BD1C9F1390DB3D7B2B07D7C6A16AF3061CF2;1;I301280;Films;[Sales Revenue];[Media];[];70
258;97AFC965ABF526B36B105A3821C9BD1C9F1390DB3D7B2B07D7C6A16AF3061CF2;1;I301280;Films;[Sales Revenue];[Media];[];70
259;97AFC965ABF526B36B105A3821C9BD1C9F1390DB3D7B2B07D7C6A16AF3061CF2;1;I301280;Films;[Sales Revenue];[Media];[];70
260;97AFC965ABF526B36B105A3821C9BD1C9F1390DB3D7B2B07D7C6A16AF3061CF2;1;I301280;Films;[Sales Revenue];[Media];[];70
510;97AFC965ABF526B36B105A3821C9BD1C9F1390DB3D7B2B07D7C6A16AF3061CF2;1;I301280;Films;[];[Media];[];147
292;97AFC965ABF526B36B105A3821C9BD1C9F1390DB3D7B2B07D7C6A16AF3061CF2;2;I301280;Films;[Sales Revenue];[Country];[];61
293;97AFC965ABF526B36B105A3821C9BD1C9F1390DB3D7B2B07D7C6A16AF3061CF2;2;I301280;Films;[Sales Revenue];[Country];[];61
294;97AFC965ABF526B36B105A3821C9BD1C9F1390DB3D7B2B07D7C6A16AF3061CF2;2;I301280;Films;[Sales Revenue];[Country];[];61
295;97AFC965ABF526B36B105A3821C9BD1C9F1390DB3D7B2B07D7C6A16AF3061CF2;2;I301280;Films;[Sales Revenue];[Country];[];61
21;97AFC965ABF526B36B105A3821C9BD1C9F1390DB3D7B2B07D7C6A16AF3061CF2;3;I301280;Films;[Sales Revenue];[Media, Genre];[Country=>[EQUAL Iceland]];49
22;97AFC965ABF526B36B105A3821C9BD1C9F1390DB3D7B2B07D7C6A16AF3061CF2;3;I301280;Films;[Sales Revenue];[Media, Genre];[Country=>[EQUAL Iceland]];49
137;97AFC965ABF526B36B105A3821C9BD1C9F1390DB3D7B2B07D7C6A16AF3061CF2;3;I301280;Films;[Sales Revenue];[Retailer];[Country=>[EQUAL Iceland]];49
138;97AFC965ABF526B36B105A3821C9BD1C9F1390DB3D7B2B07D7C6A16AF3061CF2;3;I301280;Films;[Sales Revenue];[Retailer];[Country=>[EQUAL Iceland]];49
139;97AFC965ABF526B36B105A3821C9BD1C9F1390DB3D7B2B07D7C6A16AF3061CF2;3;I301280;Films;[Sales Revenue];[Retailer];[Country=>[EQUAL Iceland]];49
140;97AFC965ABF526B36B105A3821C9BD1C9F1390DB3D7B2B07D7C6A16AF3061CF2;3;I301280;Films;[Sales Revenue];[Retailer];[Country=>[EQUAL Iceland]];49
418;97AFC965ABF526B36B105A3821C9BD1C9F1390DB3D7B2B07D7C6A16AF3061CF2;3;I301280;Films;[Sales Revenue];[Genre];[Country=>[EQUAL Iceland]];59
420;97AFC965ABF526B36B105A3821C9BD1C9F1390DB3D7B2B07D7C6A16AF3061CF2;3;I301280;Films;[Sales Revenue];[Genre];[Country=>[EQUAL Iceland]];59
511;97AFC965ABF526B36B105A3821C9BD1C9F1390DB3D7B2B07D7C6A16AF3061CF2;3;I301280;Films;[Sales Revenue];[];[Country=>[EQUAL Iceland]];98
513;97AFC965ABF526B36B105A3821C9BD1C9F1390DB3D7B2B07D7C6A16AF3061CF2;3;I301280;Films;[Sales Revenue];[Media];[Country=>[EQUAL Iceland]];69
514;97AFC965ABF526B36B105A3821C9BD1C9F1390DB3D7B2B07D7C6A16AF3061CF2;3;I301280;Films;[Sales Revenue];[Media];[Country=>[EQUAL Iceland]];69
261;97AFC965ABF526B36B105A3821C9BD1C9F1390DB3D7B2B07D7C6A16AF3061CF2;6;I301280;Sales;[Planned Qty Ordered, Inventory];[Country];[Year=>[EQUAL 2010]];51
263;97AFC965ABF526B36B105A3821C9BD1C9F1390DB3D7B2B07D7C6A16AF3061CF2;6;I301280;Sales;[Planned Qty Ordered, Inventory];[Country];[Year=>[EQUAL 2010]];51
269;97AFC965ABF526B36B105A3821C9BD1C9F1390DB3D7B2B07D7C6A16AF3061CF2;6;I301280;Sales;[];[Country, Region];[Year=>[EQUAL 2010]];30
274;97AFC965ABF526B36B105A3821C9BD1C9F1390DB3D7B2B07D7C6A16AF3061CF2;6;I301280;Sales;[Planned Qty Ordered, Inventory];[Country, Region];[Year=>[EQUAL 2010], Retailer=>[EQUAL Decathlon]];29
275;97AFC965ABF526B36B105A3821C9BD1C9F1390DB3D7B2B07D7C6A16AF3061CF2;6;I301280;Sales;[Planned Qty Ordered, Inventory];[Country, Region];[Year=>[EQUAL 2010], Retailer=>[EQUAL Decathlon]];29
276;97AFC965ABF526B36B105A3821C9BD1C9F1390DB3D7B2B07D7C6A16AF3061CF2;6;I301280;Sales;[Planned Qty Ordered, Inventory];[Country, Region];[Year=>[EQUAL 2010]];26
277;97AFC965ABF526B36B105A3821C9BD1C9F1390DB3D7B2B07D7C6A16AF3061CF2;6;I301280;Sales;[Planned Qty Ordered, Inventory];[Country, Region];[Year=>[EQUAL 2010]];26
278;97AFC965ABF526B36B105A3821C9BD1C9F1390DB3D7B2B07D7C6A16AF3061CF2;6;I301280;Sales;[Planned Qty Ordered, Inventory];[Country, Region];[Year=>[EQUAL 2010]];26
279;97AFC965ABF526B36B105A3821C9BD1C9F1390DB3D7B2B07D7C6A16AF3061CF2;6;I301280;Sales;[Planned Qty Ordered, Inventory];[Country, Region, Month];[Year=>[EQUAL 2010], Retailer=>[EQUAL Decathlon]];24
515;97AFC965ABF526B36B105A3821C9BD1C9F1390DB3D7B2B07D7C6A16AF3061CF2;6;I301280;Sales;[Planned Qty Ordered, Sales Quantity];[];[];0
516;97AFC965ABF526B36B105A3821C9BD1C9F1390DB3D7B2B07D7C6A16AF3061CF2;6;I301280;Sales;[Planned Qty Ordered, Inventory];[];[Year=>[EQUAL 2010]];147
84;97AFC965ABF526B36B105A3821C9BD1C9F1390DB3D7B2B07D7C6A16AF3061CF2;7;I301280;Sales;[];[Retailer];[Year=>[EQUAL 2013]];7
85;97AFC965ABF526B36B105A3821C9BD1C9F1390DB3D7B2B07D7C6A16AF3061CF2;7;I301280;Sales;[];[Retailer];[Year=>[EQUAL 2013]];7
254;97AFC965ABF526B36B105A3821C9BD1C9F1390DB3D7B2B07D7C6A16AF3061CF2;7;I301280;Sales;[Sales Revenue];[];[];95
300;97AFC965ABF526B36B105A3821C9BD1C9F1390DB3D7B2B07D7C6A16AF3061CF2;7;I301280;Sales;[Sales Revenue];[Retailer];[];42
301;97AFC965ABF526B36B105A3821C9BD1C9F1390DB3D7B2B07D7C6A16AF3061CF2;7;I301280;Sales;[Sales Revenue];[Retailer, Year];[];31
302;97AFC965ABF526B36B105A3821C9BD1C9F1390DB3D7B2B07D7C6A16AF3061CF2;7;I301280;Sales;[Sales Revenue];[Retailer];[Year=>[EQUAL [2013, 2014, 2015]]];43
303;97AFC965ABF526B36B105A3821C9BD1C9F1390DB3D7B2B07D7C6A16AF3061CF2;7;I301280;Sales;[Sales Revenue];[Retailer, Year];[Year=>[EQUAL [2013, 2014, 2015]]];31
304;97AFC965ABF526B36B105A3821C9BD1C9F1390DB3D7B2B07D7C6A16AF3061CF2;7;I301280;Sales;[Sales Revenue];[Retailer, Year, Color];[Year=>[EQUAL [2013, 2014, 2015]]];30
305;97AFC965ABF526B36B105A3821C9BD1C9F1390DB3D7B2B07D7C6A16AF3061CF2;8;I301280;Sales;[];[Country];[];96
306;97AFC965ABF526B36B105A3821C9BD1C9F1390DB3D7B2B07D7C6A16AF3061CF2;8;I301280;Sales;[];[Country];[];96
307;97AFC965ABF526B36B105A3821C9BD1C9F1390DB3D7B2B07D7C6A16AF3061CF2;8;I301280;Sales;[];[Country];[];96
308;97AFC965ABF526B36B105A3821C9BD1C9F1390DB3D7B2B07D7C6A16AF3061CF2;8;I301280;Sales;[];[Country, Product];[];38
309;97AFC965ABF526B36B105A3821C9BD1C9F1390DB3D7B2B07D7C6A16AF3061CF2;8;I301280;Sales;[];[Country, Product];[];38
310;97AFC965ABF526B36B105A3821C9BD1C9F1390DB3D7B2B07D7C6A16AF3061CF2;8;I301280;Sales;[];[Country, Product];[Country=>[EQUAL [Finland, Rwanda, Burundi]]];39
311;97AFC965ABF526B36B105A3821C9BD1C9F1390DB3D7B2B07D7C6A16AF3061CF2;8;I301280;Sales;[];[Country, Product, Supplier];[Country=>[EQUAL [Finland, Rwanda, Burundi]]];31
312;97AFC965ABF526B36B105A3821C9BD1C9F1390DB3D7B2B07D7C6A16AF3061CF2;8;I301280;Sales;[];[Product, Supplier];[Country=>[EQUAL [Finland, Rwanda, Burundi]]];40
50;97AFC965ABF526B36B105A3821C9BD1C9F1390DB3D7B2B07D7C6A16AF3061CF2;9;I301280;Airports;[Passengers 1990, Passengers 2010];[Main airport];[];41
314;97AFC965ABF526B36B105A3821C9BD1C9F1390DB3D7B2B07D7C6A16AF3061CF2;9;I301280;Airports;[Passengers 1990];[Country];[Main airport=>[EQUAL Basco Airport], Year=>[EQUAL [1990, 2010]]];2
315;97AFC965ABF526B36B105A3821C9BD1C9F1390DB3D7B2B07D7C6A16AF3061CF2;9;I301280;Airports;[Passengers 1990, Passengers 2010];[Country, Main airport];[];30
316;97AFC965ABF526B36B105A3821C9BD1C9F1390DB3D7B2B07D7C6A16AF3061CF2;9;I301280;Airports;[];[Main airport];[];55
317;97AFC965ABF526B36B105A3821C9BD1C9F1390DB3D7B2B07D7C6A16AF3061CF2;9;I301280;Airports;[];[Main airport, Region];[];30
318;97AFC965ABF526B36B105A3821C9BD1C9F1390DB3D7B2B07D7C6A16AF3061CF2;9;I301280;Airports;[];[Main airport];[];55
319;97AFC965ABF526B36B105A3821C9BD1C9F1390DB3D7B2B07D7C6A16AF3061CF2;9;I301280;Airports;[];[];[Main airport=>[EQUAL Miami Intl]];1
321;97AFC965ABF526B36B105A3821C9BD1C9F1390DB3D7B2B07D7C6A16AF3061CF2;9;I301280;Airports;[];[Region];[Main airport=>[EQUAL Miami Intl]];57
322;97AFC965ABF526B36B105A3821C9BD1C9F1390DB3D7B2B07D7C6A16AF3061CF2;9;I301280;Airports;[Population];[];[Region=>[EQUAL North America], Year=>[EQUAL 2010]];3
329;97AFC965ABF526B36B105A3821C9BD1C9F1390DB3D7B2B07D7C6A16AF3061CF2;9;I301280;Airports;[Population];[];[Region=>[EQUAL North America], Year=>[EQUAL 1990]];3
330;97AFC965ABF526B36B105A3821C9BD1C9F1390DB3D7B2B07D7C6A16AF3061CF2;9;I301280;Airports;[];[];[Main airport=>[EQUAL Miami Intl]];1
71;97AFC965ABF526B36B105A3821C9BD1C9F1390DB3D7B2B07D7C6A16AF3061CF2;10;I301280;Economy;[GDP];[Country, Income group];[];21
73;97AFC965ABF526B36B105A3821C9BD1C9F1390DB3D7B2B07D7C6A16AF3061CF2;10;I301280;Economy;[GDP];[Country, Income group];[];21
74;97AFC965ABF526B36B105A3821C9BD1C9F1390DB3D7B2B07D7C6A16AF3061CF2;10;I301280;Economy;[GDP];[Country, Income group];[];21
405;97AFC965ABF526B36B105A3821C9BD1C9F1390DB3D7B2B07D7C6A16AF3061CF2;10;I301280;Economy;[];[Country, Income group];[];34
523;97AFC965ABF526B36B105A3821C9BD1C9F1390DB3D7B2B07D7C6A16AF3061CF2;10;I301280;Economy;[GDP];[Year];[Country=>[EQUAL Canada]];39
524;97AFC965ABF526B36B105A3821C9BD1C9F1390DB3D7B2B07D7C6A16AF3061CF2;10;I301280;Economy;[GDP];[Year];[Country=>[EQUAL Canada]];39
525;97AFC965ABF526B36B105A3821C9BD1C9F1390DB3D7B2B07D7C6A16AF3061CF2;10;I301280;Economy;[GDP];[Year];[Country=>[EQUAL Benin]];39
526;97AFC965ABF526B36B105A3821C9BD1C9F1390DB3D7B2B07D7C6A16AF3061CF2;10;I301280;Economy;[GDP];[Year];[Country=>[EQUAL Egypt]];0
527;97AFC965ABF526B36B105A3821C9BD1C9F1390DB3D7B2B07D7C6A16AF3061CF2;10;I301280;Economy;[GDP];[Year];[Country=>[EQUAL Cuba]];39
72;97AFC965ABF526B36B105A3821C9BD1C9F1390DB3D7B2B07D7C6A16AF3061CF2;11;I301280;Economy;[GDP];[Country, Income group];[];21
202;97AFC965ABF526B36B105A3821C9BD1C9F1390DB3D7B2B07D7C6A16AF3061CF2;12;I301280;Airports;[Passengers 2005, Passengers 2010];[];[Country=>[EQUAL United States]];93
331;97AFC965ABF526B36B105A3821C9BD1C9F1390DB3D7B2B07D7C6A16AF3061CF2;12;I301280;Airports;[];[Country];[];96
517;97AFC965ABF526B36B105A3821C9BD1C9F1390DB3D7B2B07D7C6A16AF3061CF2;12;I301280;Airports;[];[Country];[];96
518;97AFC965ABF526B36B105A3821C9BD1C9F1390DB3D7B2B07D7C6A16AF3061CF2;12;I301280;Airports;[Nb Destinations, Passengers 2010];[Main airport];[];43
509;9A785E6798E260C46352A7B90FAD29CFA536F5C7109F2A80E5CD5DA05E495CB8;1;I051881;Films;[];[Film, Retailer];[Country=>[EQUAL Spain]];40
430;9E660CDDDD20A34952D94F30C37A47CC7CAA6D82FDC1E2C23E4317D98C53AFFD;1;I050582;Films;[];[Film];[];54
520;9E660CDDDD20A34952D94F30C37A47CC7CAA6D82FDC1E2C23E4317D98C53AFFD;1;I050582;Films;[Sales Target Revenue, Sales Revenue];[Film];[Country=>[EQUAL Spain]];30
521;9E660CDDDD20A34952D94F30C37A47CC7CAA6D82FDC1E2C23E4317D98C53AFFD;1;I050582;Films;[Sales Target Revenue, Sales Revenue];[Film, Media];[Country=>[EQUAL Spain]];27
9;9E660CDDDD20A34952D94F30C37A47CC7CAA6D82FDC1E2C23E4317D98C53AFFD;2;I050582;Films;[Sales Revenue, Sales Target Revenue];[Country, Genre, Region];[];16
13;9E660CDDDD20A34952D94F30C37A47CC7CAA6D82FDC1E2C23E4317D98C53AFFD;2;I050582;Films;[Sales Revenue, Sales Target Revenue];[Country, Genre];[Region=>[EQUAL Europe & Central Asia]];25
14;9E660CDDDD20A34952D94F30C37A47CC7CAA6D82FDC1E2C23E4317D98C53AFFD;2;I050582;Films;[Sales Target Revenue];[Country, Genre];[Region=>[EQUAL Europe & Central Asia]];28
15;9E660CDDDD20A34952D94F30C37A47CC7CAA6D82FDC1E2C23E4317D98C53AFFD;2;I050582;Films;[Sales Target Revenue];[Country, Genre];[Region=>[EQUAL Europe & Central Asia], Year=>[EQUAL 2015]];29
116;9E660CDDDD20A34952D94F30C37A47CC7CAA6D82FDC1E2C23E4317D98C53AFFD;2;I050582;Films;[];[Country];[];96
122;9E660CDDDD20A34952D94F30C37A47CC7CAA6D82FDC1E2C23E4317D98C53AFFD;2;I050582;Films;[Sales Revenue, Sales Target Revenue];[Country, Genre];[];32
434;9E660CDDDD20A34952D94F30C37A47CC7CAA6D82FDC1E2C23E4317D98C53AFFD;2;I050582;Films;[];[Film, Genre];[];39
528;9E660CDDDD20A34952D94F30C37A47CC7CAA6D82FDC1E2C23E4317D98C53AFFD;2;I050582;Films;[];[Region];[];41
23;9E660CDDDD20A34952D94F30C37A47CC7CAA6D82FDC1E2C23E4317D98C53AFFD;3;I050582;Films;[Sales Revenue];[Media, Genre];[Country=>[EQUAL Iceland]];49
25;9E660CDDDD20A34952D94F30C37A47CC7CAA6D82FDC1E2C23E4317D98C53AFFD;3;I050582;Films;[Sales Target Revenue];[Media, Genre, Year];[Country=>[EQUAL Iceland]];41
27;9E660CDDDD20A34952D94F30C37A47CC7CAA6D82FDC1E2C23E4317D98C53AFFD;3;I050582;Films;[Sales Target Revenue];[Year, Media, Genre];[Country=>[EQUAL Iceland]];41
28;9E660CDDDD20A34952D94F30C37A47CC7CAA6D82FDC1E2C23E4317D98C53AFFD;3;I050582;Films;[Sales Target Revenue];[Year, Genre, Media];[Country=>[EQUAL Iceland]];41
29;9E660CDDDD20A34952D94F30C37A47CC7CAA6D82FDC1E2C23E4317D98C53AFFD;3;I050582;Films;[Sales Revenue];[Genre, Media];[];48
166;9E660CDDDD20A34952D94F30C37A47CC7CAA6D82FDC1E2C23E4317D98C53AFFD;3;I050582;Films;[Sales Revenue];[Genre, Media];[Country=>[EQUAL Iceland]];49
255;9E660CDDDD20A34952D94F30C37A47CC7CAA6D82FDC1E2C23E4317D98C53AFFD;3;I050582;Films;[Sales Revenue];[];[];95
266;9E660CDDDD20A34952D94F30C37A47CC7CAA6D82FDC1E2C23E4317D98C53AFFD;3;I050582;Films;[Sales Revenue];[Genre];[];59
30;9E660CDDDD20A34952D94F30C37A47CC7CAA6D82FDC1E2C23E4317D98C53AFFD;6;I050582;Sales;[];[Supplier];[];66
31;9E660CDDDD20A34952D94F30C37A47CC7CAA6D82FDC1E2C23E4317D98C53AFFD;6;I050582;Sales;[];[Region, Month];[Retailer=>[EQUAL Decathlon], Year=>[EQUAL 2010]];40
33;9E660CDDDD20A34952D94F30C37A47CC7CAA6D82FDC1E2C23E4317D98C53AFFD;6;I050582;Sales;[];[Region, Month];[Retailer=>[EQUAL Decathlon], Month=>[EQUAL [January, June]], Country=>[EQUAL Togo], Year=>[EQUAL 2010]];0
86;9E660CDDDD20A34952D94F30C37A47CC7CAA6D82FDC1E2C23E4317D98C53AFFD;7;I050582;Sales;[];[Retailer];[Year=>[EQUAL 2013]];7
87;9E660CDDDD20A34952D94F30C37A47CC7CAA6D82FDC1E2C23E4317D98C53AFFD;7;I050582;Sales;[];[Retailer];[Year=>[EQUAL 2013]];7
422;B14A56479D3084E01B61BD92816198B7921A9310073749B3783D5C16587AA622;1;I051738;Films;[Sales Revenue];[Media, Retailer];[Country=>[EQUAL Spain]];43
424;B14A56479D3084E01B61BD92816198B7921A9310073749B3783D5C16587AA622;1;I051738;Films;[Sales Revenue];[Year, Media, Retailer];[Country=>[EQUAL Spain]];29
425;B14A56479D3084E01B61BD92816198B7921A9310073749B3783D5C16587AA622;1;I051738;Films;[Sales Revenue];[Year, Media, Retailer];[Country=>[EQUAL Spain]];29
426;B14A56479D3084E01B61BD92816198B7921A9310073749B3783D5C16587AA622;1;I051738;Films;[Sales Target Revenue];[Year, Media, Retailer];[Country=>[EQUAL Spain]];31
125;B34FE261C41F1CECA723A22B5D5BB74C4AC140931465D2DA8F3A7033ABC96D46;2;I050648;Films;[Sales Revenue, Sales Target Revenue];[Genre, Country];[];32
126;B34FE261C41F1CECA723A22B5D5BB74C4AC140931465D2DA8F3A7033ABC96D46;2;I050648;Films;[Sales Revenue, Sales Target Revenue];[Genre, Country];[];32
127;B34FE261C41F1CECA723A22B5D5BB74C4AC140931465D2DA8F3A7033ABC96D46;2;I050648;Films;[];[Genre, Country];[];56
131;B34FE261C41F1CECA723A22B5D5BB74C4AC140931465D2DA8F3A7033ABC96D46;3;I050648;Films;[Sales Target Revenue, Sales Revenue];[Media, Genre];[Country=>[EQUAL Iceland]];38
132;B34FE261C41F1CECA723A22B5D5BB74C4AC140931465D2DA8F3A7033ABC96D46;3;I050648;Films;[];[Retailer];[Country=>[EQUAL Iceland]];0
133;B34FE261C41F1CECA723A22B5D5BB74C4AC140931465D2DA8F3A7033ABC96D46;3;I050648;Films;[];[Retailer];[];13
134;B34FE261C41F1CECA723A22B5D5BB74C4AC140931465D2DA8F3A7033ABC96D46;3;I050648;Films;[];[Retailer];[];13
141;B34FE261C41F1CECA723A22B5D5BB74C4AC140931465D2DA8F3A7033ABC96D46;3;I050648;Films;[Sales Revenue];[Retailer];[Country=>[EQUAL Iceland]];49
142;B34FE261C41F1CECA723A22B5D5BB74C4AC140931465D2DA8F3A7033ABC96D46;3;I050648;Sales;[Sales Revenue];[];[Retailer=>[EQUAL Alpen]];116
143;B34FE261C41F1CECA723A22B5D5BB74C4AC140931465D2DA8F3A7033ABC96D46;6;I050648;Sales;[Sales Quantity];[Month];[Retailer=>[EQUAL Decathlon], Year=>[EQUAL 2010]];147
144;B34FE261C41F1CECA723A22B5D5BB74C4AC140931465D2DA8F3A7033ABC96D46;6;I050648;Sales;[Sales Quantity];[Month, Country];[Retailer=>[EQUAL Decathlon], Year=>[EQUAL 2010]];63
145;B34FE261C41F1CECA723A22B5D5BB74C4AC140931465D2DA8F3A7033ABC96D46;7;I050648;Sales;[];[Retailer];[Year=>[EQUAL 2013]];7
146;B34FE261C41F1CECA723A22B5D5BB74C4AC140931465D2DA8F3A7033ABC96D46;7;I050648;Sales;[Sales Revenue];[Year];[Retailer=>[EQUAL Alpen]];75
147;B34FE261C41F1CECA723A22B5D5BB74C4AC140931465D2DA8F3A7033ABC96D46;7;I050648;Sales;[Sales Revenue];[Year, Color];[Retailer=>[EQUAL Alpen]];52
148;B34FE261C41F1CECA723A22B5D5BB74C4AC140931465D2DA8F3A7033ABC96D46;8;I050648;Sales;[Sales Target Revenue, Sales Quantity];[Country];[Year=>[EQUAL 2015]];31
149;B34FE261C41F1CECA723A22B5D5BB74C4AC140931465D2DA8F3A7033ABC96D46;8;I050648;Sales;[Sales Target Qty];[Country];[Year=>[EQUAL 2015]];54
153;B34FE261C41F1CECA723A22B5D5BB74C4AC140931465D2DA8F3A7033ABC96D46;8;I050648;Sales;[Shortage];[Retailer, Product];[Country=>[EQUAL [United States, France, Ireland]], Year=>[EQUAL 2015]];27
358;B34FE261C41F1CECA723A22B5D5BB74C4AC140931465D2DA8F3A7033ABC96D46;8;I050648;Sales;[Shortage];[Country];[Year=>[EQUAL 2015]];58
154;B34FE261C41F1CECA723A22B5D5BB74C4AC140931465D2DA8F3A7033ABC96D46;9;I050648;Airports;[];[Main airport];[];55
371;B34FE261C41F1CECA723A22B5D5BB74C4AC140931465D2DA8F3A7033ABC96D46;9;I050648;Airports;[Passengers 2010];[Main airport];[];45
376;B34FE261C41F1CECA723A22B5D5BB74C4AC140931465D2DA8F3A7033ABC96D46;9;I050648;Airports;[Passengers 2010];[Main airport, Region];[];27
159;B34FE261C41F1CECA723A22B5D5BB74C4AC140931465D2DA8F3A7033ABC96D46;10;I050648;Economy;[];[];[Income group=>[EQUAL [Low income, Lower middle income, Upper middle income]]];0
160;B34FE261C41F1CECA723A22B5D5BB74C4AC140931465D2DA8F3A7033ABC96D46;10;I050648;Economy;[];[Country];[Income group=>[EQUAL [Low income, Lower middle income, Upper middle income]]];0
161;B34FE261C41F1CECA723A22B5D5BB74C4AC140931465D2DA8F3A7033ABC96D46;10;I050648;Economy;[Population, GDP];[Country];[];28
24;B34FE261C41F1CECA723A22B5D5BB74C4AC140931465D2DA8F3A7033ABC96D46;11;I050648;Economy;[GDP];[];[Country=>[EQUAL Lower middle income]];49
26;B34FE261C41F1CECA723A22B5D5BB74C4AC140931465D2DA8F3A7033ABC96D46;11;I050648;Economy;[GDP];[];[Country=>[EQUAL Lower middle income]];49
32;B34FE261C41F1CECA723A22B5D5BB74C4AC140931465D2DA8F3A7033ABC96D46;11;I050648;Economy;[GDP];[Country];[Income group=>[EQUAL Lower middle income]];36
34;B34FE261C41F1CECA723A22B5D5BB74C4AC140931465D2DA8F3A7033ABC96D46;11;I050648;Economy;[GDP];[];[Country=>[EQUAL Upper middle income]];49
35;B34FE261C41F1CECA723A22B5D5BB74C4AC140931465D2DA8F3A7033ABC96D46;11;I050648;Economy;[GDP];[];[Income group=>[EQUAL Upper middle income]];49
36;B34FE261C41F1CECA723A22B5D5BB74C4AC140931465D2DA8F3A7033ABC96D46;11;I050648;Economy;[];[Income group];[];45
228;B34FE261C41F1CECA723A22B5D5BB74C4AC140931465D2DA8F3A7033ABC96D46;11;I050648;Economy;[GDP];[];[Income group=>[EQUAL Lower middle income]];49
231;B34FE261C41F1CECA723A22B5D5BB74C4AC140931465D2DA8F3A7033ABC96D46;11;I050648;Economy;[GDP];[Income group];[];25
395;B34FE261C41F1CECA723A22B5D5BB74C4AC140931465D2DA8F3A7033ABC96D46;11;I050648;Economy;[GDP];[];[Country=>[EQUAL Low income]];0
157;B34FE261C41F1CECA723A22B5D5BB74C4AC140931465D2DA8F3A7033ABC96D46;12;I050648;Airports;[];[Country];[];96
158;B34FE261C41F1CECA723A22B5D5BB74C4AC140931465D2DA8F3A7033ABC96D46;12;I050648;Airports;[];[Main airport];[Country=>[EQUAL United States]];42
205;B34FE261C41F1CECA723A22B5D5BB74C4AC140931465D2DA8F3A7033ABC96D46;12;I050648;Airports;[Passengers 2005, Passengers 2010];[];[Country=>[EQUAL United States]];93
208;B34FE261C41F1CECA723A22B5D5BB74C4AC140931465D2DA8F3A7033ABC96D46;12;I050648;Airports;[Passengers 2005, Passengers 2010];[Main airport];[Country=>[EQUAL United States]];32
388;B34FE261C41F1CECA723A22B5D5BB74C4AC140931465D2DA8F3A7033ABC96D46;12;I050648;Airports;[Passengers 2005, Passengers 2010, Nb Destinations];[Main airport];[Country=>[EQUAL United States]];29
178;C6928871440D2A9EE67A2BB9C0178CFDF02AE89A4780F79CA2D407A0EA5F584D;1;I051069;Films;[];[];[Country=>[EQUAL Spain]];6
252;C6928871440D2A9EE67A2BB9C0178CFDF02AE89A4780F79CA2D407A0EA5F584D;1;I051069;Films;[Sales Revenue];[];[];95
481;C6928871440D2A9EE67A2BB9C0178CFDF02AE89A4780F79CA2D407A0EA5F584D;1;I051069;Films;[Sales Revenue];[];[Country=>[EQUAL Spain]];89
162;DD54A635898ECEBAD9BB422E49965C1C2F0A1CFD54306A8629A64F7CEB248E5F;1;I316785;Films;[Sales Target Revenue];[Genre, Media];[Country=>[EQUAL Spain]];50
239;DE1B24815138D10E942ED4F51735B9B46FE69928F5B4A30150F1822688E64597;1;I051430;Films;[];[Film];[Country=>[EQUAL Spain]];64
431;DE1B24815138D10E942ED4F51735B9B46FE69928F5B4A30150F1822688E64597;1;I051430;Films;[];[Film];[];54
240;E838EB794D13151CFAE48095ACD56908E0A93495D2CA903F7162F3071101F22A;1;I050638;Films;[Sales Revenue];[Film];[];39
241;E838EB794D13151CFAE48095ACD56908E0A93495D2CA903F7162F3071101F22A;1;I050638;Films;[Sales Revenue];[Film, Country];[];21
243;E838EB794D13151CFAE48095ACD56908E0A93495D2CA903F7162F3071101F22A;1;I050638;Films;[Sales Revenue];[Country, Genre];[];40
271;E838EB794D13151CFAE48095ACD56908E0A93495D2CA903F7162F3071101F22A;1;I050638;Films;[Sales Revenue];[Genre];[Country=>[EQUAL Spain]];57
432;E838EB794D13151CFAE48095ACD56908E0A93495D2CA903F7162F3071101F22A;1;I050638;Films;[];[Film];[];54
412;F043B57DC27CD5351F4A04F235EF7934EE1AF057E1FE9AB3350C0712A46AA23F;1;I072507;Films;[Sales Target Revenue, Sales Revenue];[];[Country=>[EQUAL Spain], Genre=>[EQUAL Comedy]];57
443;F043B57DC27CD5351F4A04F235EF7934EE1AF057E1FE9AB3350C0712A46AA23F;1;I072507;Films;[Sales Revenue];[Genre, Media];[Country=>[EQUAL Spain]];46
413;F043B57DC27CD5351F4A04F235EF7934EE1AF057E1FE9AB3350C0712A46AA23F;2;I072507;Films;[];[Genre, Country];[Region=>[EQUAL Europe & Central Asia]];61
414;F043B57DC27CD5351F4A04F235EF7934EE1AF057E1FE9AB3350C0712A46AA23F;2;I072507;Films;[];[Country, Genre];[Region=>[EQUAL Europe & Central Asia]];61
415;F043B57DC27CD5351F4A04F235EF7934EE1AF057E1FE9AB3350C0712A46AA23F;3;I072507;Films;[];[Media, Genre];[Country=>[EQUAL Iceland]];74
421;F043B57DC27CD5351F4A04F235EF7934EE1AF057E1FE9AB3350C0712A46AA23F;3;I072507;Films;[Sales Revenue];[Genre];[Country=>[EQUAL Iceland]];59
